"","url","isPhishing","special_chars","at_chars","double_slash_chars","dash_chars","numbers"
"1","http://masf.krhes.boston","Y",5,0,1,0,0
"2","con08.nu8w.love","Y",2,0,0,0,3
"3","coz.ul3u.show","Y",2,0,0,0,1
"4","https://donate.do/h73t","Y",5,0,1,0,2
"5","oabe.fyy8.plus","Y",2,0,0,0,1
"6","mp.fnb4.media","Y",2,0,0,0,1
"7","http://gilo.iszty.skin","Y",5,0,1,0,0
"8","http://gilo.iszty.skin","Y",5,0,1,0,0
"9","http://han.gl/UwxiZ","Y",5,0,1,0,0
"10","http://sn6d.senlo.plus","Y",5,0,1,0,1
"11","on17.er30.love","Y",2,0,0,0,4
"12","yang.jeyrg.beauty","Y",2,0,0,0,0
"13","http://hgfdh.bsone.kr","Y",5,0,1,0,0
"14","http://hg6if.spoet.kr","Y",5,0,1,0,1
"15","oanxz.g6ho.cyou","Y",2,0,0,0,1
"16","http://vcgytu.kremt.boston","Y",5,0,1,0,0
"17","http://lsopfi.zmgec.mobi/","Y",6,0,1,0,0
"18","http://unz7a.jeyrg.beauty","Y",5,0,1,0,1
"19","http://t2m.kr/XPvjk","Y",5,0,1,0,1
"20","http://dd.malfsms.pro","Y",5,0,1,0,0
"21","http://bit.ly/3yL1d4v","Y",5,0,1,0,3
"22","ms.directsemk.com/","Y",3,0,0,0,0
"23","http://gfsw2q.bsone.kr","Y",5,0,1,0,1
"24","bit.ly/3Q9a47H","Y",2,0,0,0,4
"25","https://bit.ly/3OiXOjx","Y",5,0,1,0,1
"26","http://tny.im/MzjeQ","Y",5,0,1,0,0
"27","http://ling1.yisez.gay","Y",5,0,1,0,1
"28","coc.ul3u.show","Y",2,0,0,0,1
"29","http://pdtni.vkioz.cn","Y",5,0,1,0,0
"30","moy.v69w.saLe","Y",2,0,0,0,2
"31","cc13.aq3L.press","Y",2,0,0,0,3
"32","http://hged2.bsone.kr","Y",5,0,1,0,1
"33","http://jd7v.yisez.gay","Y",5,0,1,0,1
"34","cco5.cc2x.tax","Y",2,0,0,0,2
"35","nbv.jc6y.Ltd","Y",2,0,0,0,1
"36","bit.ly/3PkFHef","Y",2,0,0,0,1
"37","moc.v69w.saLe","Y",2,0,0,0,2
"38","cc23.aq3L.press","Y",2,0,0,0,3
"39","http://q3hf.yisez.gay","Y",5,0,1,0,1
"40","cco5.cc2x.tax","Y",2,0,0,0,2
"41","http://op.pongdang.top/gool","Y",6,0,1,0,0
"42","cc24.aq3L.press","Y",2,0,0,0,3
"43","http://o3jg.yisez.gay","Y",5,0,1,0,1
"44","http://t2m.kr/vfMAR","Y",5,0,1,0,1
"45","https://donate.do/Z9Ak","Y",5,0,1,0,1
"46","http://dokdo.in/xaW","Y",5,0,1,0,0
"47","ms.directsemk.com/","Y",3,0,0,0,0
"48","http://bit.ly/3PxBJOX","Y",5,0,1,0,1
"49","http://www.cjthedmmk.cn/o5t2q4","Y",6,0,1,0,3
"50","http://pazqw.crvud.com","Y",5,0,1,0,0
"51","nne.fnb4.media","Y",2,0,0,0,1
"52","http://gdtc3.bsone.kr","Y",5,0,1,0,1
"53","http://hghh7f.spoet.kr","Y",5,0,1,0,1
"54","hhg.kmssnjkk.com/","Y",3,0,0,0,0
"55","http://dokdo.in/xaW","Y",5,0,1,0,0
"56","https://bit.ly/3AVWkae","Y",5,0,1,0,1
"57","bbs.smrectsemk.com","Y",2,0,0,0,0
"58","https://bit.ly/3z3ZOqa","Y",5,0,1,0,2
"59","obr.n61g.group","Y",2,0,0,0,2
"60","msk.micesmsk.com","Y",2,0,0,0,0
"61","cco5cc2x.tax","Y",1,0,0,0,2
"62","http://yang2.yisez.gay","Y",5,0,1,0,1
"63","nior.m1xy.tax","Y",2,0,0,0,1
"64","iona01.d6lk.biz","Y",2,0,0,0,3
"65","cbie.auo4.biz","Y",2,0,0,0,1
"66","kkn.smrectsemk.com","Y",2,0,0,0,0
"67","noib.j4cg.ltd","Y",2,0,0,0,1
"68","ioz.c11.j4cg.ltd","Y",3,0,0,0,3
"69","me9.vgx6.biz","Y",2,0,0,0,2
"70","noz.uaf4.pink","Y",2,0,0,0,1
"71","ioc.w9rd.biz","Y",2,0,0,0,1
"72","cco5.aq3L.press","Y",2,0,0,0,2
"73","https://donate.do/YqEQ","Y",5,0,1,0,0
"74","http://tinyurl.com/yeu46jdm","Y",5,0,1,0,2
"75","con01.nu8w.love","Y",2,0,0,0,3
"76","msk.micesmsk.com/","Y",3,0,0,0,0
"77","https://bit.ly/3K1fKOJ","Y",5,0,1,0,2
"78","obxn.z1vg.shop","Y",2,0,0,0,1
"79","n08.d6lk.biz","Y",2,0,0,0,3
"80","noic.j4cg.ltd","Y",2,0,0,0,1
"81","http://han.gl/lFUMe","Y",5,0,1,0,0
"82","onr.pep9.press","Y",2,0,0,0,1
"83","noz.f6wy.Live","Y",2,0,0,0,1
"84","maobn.q1wy.run","Y",2,0,0,0,1
"85","http://mghtjg.kremt.boston","Y",5,0,1,0,0
"86","coy12.k4cm.Live","Y",2,0,0,0,3
"87","https://bit.ly/3mQIMqo","Y",5,0,1,0,1
"88","cs.directsend.pro","Y",2,0,0,0,0
"89","dokdo.in/8t0","Y",2,0,0,0,2
"90","moz.f6wy.Live","Y",2,0,0,0,1
"91","coy14.k4cm.Live","Y",2,0,0,0,3
"92","http://bit.ly/3bPVCCN","Y",5,0,1,0,1
"93","http://t2m.kr/SPFFj","Y",5,0,1,0,1
"94","https://han.gl/Cpasj","Y",5,0,1,0,0
"95","http://funte.qnggt.com","Y",5,0,1,0,0
"96","http://zxcfk.zyqfr.com","Y",5,0,1,0,0
"97","https://mg.sdfikujh.top","Y",5,0,1,0,0
"98","co07.fzn4.wang","Y",2,0,0,0,3
"99","http://vrofj.wwbgh.com","Y",5,0,1,0,0
"100","moiy.u3hl.press","Y",2,0,0,0,1
"101","noi.f6wy.Live","Y",2,0,0,0,1
"102","http://hrwdc.yyzabc.com","Y",5,0,1,0,0
"103","coy11.k4cm.Live","Y",2,0,0,0,3
"104","xxzo.giwy.group","Y",2,0,0,0,0
"105","iob.cpu9.today","Y",2,0,0,0,1
"106","sob.fvs7.today","Y",2,0,0,0,1
"107","nob.f6wy.Live","Y",2,0,0,0,1
"108","co11.cpu9.today","Y",2,0,0,0,3
"109","https://han.gl/GBGVi","Y",5,0,1,0,0
"110","http://fgrit.crvud.com","Y",5,0,1,0,0
"111","cn12.fzn4.wang","Y",2,0,0,0,3
"112","co15.cpu9.today","Y",2,0,0,0,3
"113","noi.f6wy.Live","Y",2,0,0,0,1
"114","https://donate.do/yKGK","Y",5,0,1,0,0
"115","tpncc.ggmhd.com","Y",2,0,0,0,0
"116","http://bilch.hgyam.com","Y",5,0,1,0,0
"117","soz.fvs7.today","Y",2,0,0,0,1
"118","https://lrl.kr/b5f5","Y",5,0,1,0,2
"119","https://bit.ly/3zYXrFk","Y",5,0,1,0,1
"120","http://tny.im/PoAH9","Y",5,0,1,0,1
"121","ccx.f53j.email","Y",2,0,0,0,2
"122","http://wang1.gtaro.ink","Y",5,0,1,0,1
"123","http://bit.ly/3TZLs3D","Y",5,0,1,0,2
"124","https://bit.ly/3K7lEhF","Y",5,0,1,0,2
"125","http://kaot.gtaro.ink","Y",5,0,1,0,0
"126","me2.n4.x4ww.biz","Y",3,0,0,0,3
"127","http://uios7.gtaro.ink","Y",5,0,1,0,1
"128","http://isnj.gtaro.ink","Y",5,0,1,0,0
"129","co13.cpu9.today","Y",2,0,0,0,3
"130","bit.ly/3mKx7sx","Y",2,0,0,0,2
"131","http://isnj.gtaro.ink","Y",5,0,1,0,0
"132","http://uios7.gtaro.ink","Y",5,0,1,0,1
"133","http://zhang.gtaro.ink","Y",5,0,1,0,0
"134","http://leio.gtaro.ink","Y",5,0,1,0,0
"135","http://wang1.gtaro.ink","Y",5,0,1,0,1
"136","http://move9.gtaro.ink","Y",5,0,1,0,1
"137","http://bit.ly/3IQS1Ax","Y",5,0,1,0,2
"138","http://bit.ly/3ocSpQ9","Y",5,0,1,0,2
"139","https://han.gl/bzfxt","Y",5,0,1,0,0
"140","naa.mgb0.video","Y",2,0,0,0,1
"141","ion.me0d.host","Y",2,0,0,0,1
"142","http://wang1.gtaro.ink","Y",5,0,1,0,1
"143","http://moisdfhu.ounkr.boston","Y",5,0,1,0,0
"144","http://piao1.oehsr.miami","Y",5,0,1,0,1
"145","https://han.gl/bzfxt","Y",5,0,1,0,0
"146","ioa.me0d.host","Y",2,0,0,0,1
"147","https://han.gl/GPbMq","Y",5,0,1,0,0
"148","https://han.gl/EhZLV","Y",5,0,1,0,0
"149","http://hg.smslfsm.top","Y",5,0,1,0,0
"150","bit.ly/3TZLs3D","Y",2,0,0,0,2
"151","ioz.w9rd.biz","Y",2,0,0,0,1
"152","on15.dbt1.biz","Y",2,0,0,0,3
"153","msk.micesmsk.com","Y",2,0,0,0,0
"154","nix.uts2.media","Y",2,0,0,0,1
"155","cm.k4cm.Live","Y",2,0,0,0,1
"156","sox.fvs7.today","Y",2,0,0,0,1
"157","xioz.g1kn.media","Y",2,0,0,0,1
"158","noc.pd4x.media","Y",2,0,0,0,1
"159","https://han.gl/EqhEJ","Y",5,0,1,0,0
"160","http://bit.ly/3bK31n8","Y",5,0,1,0,4
"161","nio.uts2.media","Y",2,0,0,0,1
"162","https://han.gl/TIufL","Y",5,0,1,0,0
"163","https://bit.ly/3dk8wth","Y",5,0,1,0,2
"164","me4.c9.x4ww.biz","Y",3,0,0,0,3
"165","https://bit.ly/3c4xr3D","Y",5,0,1,0,3
"166","mos.uts2.media","Y",2,0,0,0,1
"167","cooa.g1kn.media","Y",2,0,0,0,1
"168","inoe.uts2.media","Y",2,0,0,0,1
"169","http://mdcb.bsone.kr","Y",5,0,1,0,0
"170","http://vusid.townr.kr","Y",5,0,1,0,0
"171","bbs.jsnjaoms.com","Y",2,0,0,0,0
"172","https://han.gl/GPbMq","Y",5,0,1,0,0
"173","https://han.gl/TIufL","Y",5,0,1,0,0
"174","https://han.gl/EqhEJ","Y",5,0,1,0,0
"175","https://han.gl/TIufL","Y",5,0,1,0,0
"176","https://bit.ly/3dk8wth","Y",5,0,1,0,2
"177","http://bit.ly/3aITj3E","Y",5,0,1,0,2
"178","http://bit.ly/3yIXR2g","Y",5,0,1,0,2
"179","https://han.gl/EqhEJ","Y",5,0,1,0,0
"180","https://bit.ly/3C6nygv","Y",5,0,1,0,2
"181","https://bit.ly/3dk8wth","Y",5,0,1,0,2
"182","ioe.me0d.host","Y",2,0,0,0,1
"183","http://ryght.kremt.boston","Y",5,0,1,0,0
"184","nnix.o6cu.media","Y",2,0,0,0,1
"185","yudi9.sertz.blog","Y",2,0,0,0,1
"186","https://han.gl/yRkaN","Y",5,0,1,0,0
"187","https://han.gl/bzfxt","Y",5,0,1,0,0
"188","ws.cjmskmm.com","Y",2,0,0,0,0
"189","http://han.gl/HxEdo","Y",5,0,1,0,0
"190","http://op.pongdang.top/vf9il0","Y",6,0,1,0,2
"191","moay.ytjn.tech","Y",2,0,0,0,0
"192","oiac.cdf0.shop","Y",2,0,0,0,1
"193","me29.vgx6.biz","Y",2,0,0,0,3
"194","http://diy9.suzit.uno","Y",5,0,1,0,1
"195","http://poiex.nftsout.com","Y",5,0,1,0,0
"196","http://lpec.tokfe.com","Y",5,0,1,0,0
"197","http://poiex.nftsout.com","Y",5,0,1,0,0
"198","http://poiex.nftsout.com","Y",5,0,1,0,0
"199","http://tbopf.suzit.uno","Y",5,0,1,0,0
"200","http://ervs.tokfe.com","Y",5,0,1,0,0
"201","http://bit.ly/3aITj3E","Y",5,0,1,0,2
"202","http://han.gl/FXWWH","Y",5,0,1,0,0
"203","http://xs.cjsmskk.com","Y",5,0,1,0,0
"204","http://diy9.suzit.uno","Y",5,0,1,0,1
"205","http://nfswz.nftsout.com","Y",5,0,1,0,0
"206","http://ervs.tokfe.com","Y",5,0,1,0,0
"207","https://url.vet/98aeb","Y",5,0,1,0,2
"208","https://han.gl/CUfWk","Y",5,0,1,0,0
"209","ccox.oy0t.live","Y",2,0,0,0,1
"210","http://ervs.tokfe.com","Y",5,0,1,0,0
"211","http://poiex.nftsout.com","Y",5,0,1,0,0
"212","http://nfswz.nftsout.com","Y",5,0,1,0,0
"213","http://gkm.balsongsa.top/qqvhgq","Y",6,0,1,0,0
"214","http://tbopf.suzit.uno","Y",5,0,1,0,0
"215","ionb.j4sv.live","Y",2,0,0,0,1
"216","iony.j4sv.live","Y",2,0,0,0,1
"217","nioa.dm2j.live","Y",2,0,0,0,1
"218","niox.uji3.live","Y",2,0,0,0,1
"219","ccoy.oy0t.live","Y",2,0,0,0,1
"220","ccoy.oy0t.live","Y",2,0,0,0,1
"221","niox.uji3.live","Y",2,0,0,0,1
"222","http://bit.ly/3N0tqcF","Y",5,0,1,0,2
"223","me23.vgxb.biz","Y",2,0,0,0,2
"224","http://nfswz.nftsout.com","Y",5,0,1,0,0
"225","http://tbopf.Suzit.uno","Y",5,0,1,0,0
"226","http://ervs.tokfe.com","Y",5,0,1,0,0
"227","jonz.j4sv.live","Y",2,0,0,0,1
"228","https://han.gl/lgmNa","Y",5,0,1,0,0
"229","http://txbws.nftsout.com","Y",5,0,1,0,0
"230","nnr.cpu9.today","Y",2,0,0,0,1
"231","noir.j4sv.live","Y",2,0,0,0,1
"232","http://tbopf.suzit.uno","Y",5,0,1,0,0
"233","noy.vv4r.live","Y",2,0,0,0,1
"234","cox.b4nu.live","Y",2,0,0,0,1
"235","nnbc.j4sv.live","Y",2,0,0,0,1
"236","ccob.oy0t.live","Y",2,0,0,0,1
"237","http://hrcw.nftsout.com","Y",5,0,1,0,0
"238","niox.uji3.live","Y",2,0,0,0,1
"239","nne.y6ix.media","Y",2,0,0,0,1
"240","noz.bg5n.live","Y",2,0,0,0,1
"241","http://han.gl/HshTK","Y",5,0,1,0,0
"242","bit.ly/VSBjikas","Y",2,0,0,0,0
"243","cx.oc0w.link","Y",2,0,0,0,1
"244","n12.d6lk.biz","Y",2,0,0,0,3
"245","ioz.bg5n.live","Y",2,0,0,0,1
"246","coa.e5vx.pro","Y",2,0,0,0,1
"247","oiy.nvv2.pro","Y",2,0,0,0,1
"248","xir.b7ta.link","Y",2,0,0,0,1
"249","noie.j4sv.live","Y",2,0,0,0,1
"250","me2.n3.x4ww.biz","Y",3,0,0,0,3
"251","http://nfswz.nftsout.com","Y",5,0,1,0,0
"252","han.gl/fBtrg","Y",2,0,0,0,0
"253","bit.ly/VSBjikas","Y",2,0,0,0,0
"254","https://han.gl/FGGduI","Y",5,0,1,0,0
"255","http://rtygh.yyzabc.com","Y",5,0,1,0,0
"256","han.gl/fBtrg","Y",2,0,0,0,0
"257","https://bit.ly/VSBjikas","Y",5,0,1,0,0
"258","https://han.gl/FGGduI","Y",5,0,1,0,0
"259","bit.ly/VSBjikas","Y",2,0,0,0,0
"260","https://han.gl/EqhEJ","Y",5,0,1,0,0
"261","http://bit.ly/VSBjikas","Y",5,0,1,0,0
"262","jonz.j4sv.live","Y",2,0,0,0,1
"263","bbc.munnjassm.com/","Y",3,0,0,0,0
"264","http://erzdfui.ounkr.boston","Y",5,0,1,0,0
"265","xir.b7ta.link","Y",2,0,0,0,1
"266","http://tbopf.suzit.uno","Y",5,0,1,0,0
"267","https://bit.ly/3AVWkae","Y",5,0,1,0,1
"268","nns.halfsmsbn.com","Y",2,0,0,0,0
"269","bbc.munnjassm.com/","Y",3,0,0,0,0
"270","https://han.gl/EqhEJ","Y",5,0,1,0,0
"271","https://bbc.munnjassm.com/","Y",6,0,1,0,0
"272","bbc.munnjassm.com/","Y",3,0,0,0,0
"273","nns.halfsmsbn.com","Y",2,0,0,0,0
"274","http://km.cjthesdophh.com/z9fgzh","Y",6,0,1,0,1
"275","http://yqclc.ggmhd.com","Y",5,0,1,0,0
"276","cc03.auo4.biz","Y",2,0,0,0,3
"277","c05.d6lk.biz","Y",2,0,0,0,3
"278","cop.y4z7.cash","Y",2,0,0,0,2
"279","as.trqi.ltd","Y",2,0,0,0,0
"280","oix.h5ts.cash","Y",2,0,0,0,1
"281","ony.yf3q.cash","Y",2,0,0,0,1
"282","http://hrcw.nftsout.com","Y",5,0,1,0,0
"283","cm.k4cm.Live","Y",2,0,0,0,1
"284","http://tbopf.suzit.uno","Y",5,0,1,0,0
"285","oix.nvv2.pro","Y",2,0,0,0,1
"286","moo.v69w.saLe","Y",2,0,0,0,2
"287","nns.tzh0.cash","Y",2,0,0,0,1
"288","http://bit.ly/3yIXR2g","Y",5,0,1,0,2
"289","http://op.pongdang.top/vf9il0","Y",6,0,1,0,2
"290","oim.h5ts.cash","Y",2,0,0,0,1
"291","cy.cqp2.cash","Y",2,0,0,0,1
"292","nnb.tzh0.cash","Y",2,0,0,0,1
"293","xion.dn6t.cash","Y",2,0,0,0,1
"294","nniy.v4tz.cash","Y",2,0,0,0,1
"295","mib.jc6d.cash","Y",2,0,0,0,1
"296","http://nfswz.nftsout.com","Y",5,0,1,0,0
"297","https://han.gl/RWipY","Y",5,0,1,0,0
"298","han.gl/sgMlA","Y",2,0,0,0,0
"299","oni.yf3q.cash","Y",2,0,0,0,1
"300","cor.dn6t.cash","Y",2,0,0,0,1
"301","http://txbws.nftsout.com","Y",5,0,1,0,0
"302","mox.t1ac.cyou","Y",2,0,0,0,1
"303","ccn.i6jg.cash","Y",2,0,0,0,1
"304","coni.e4fg.cash","Y",2,0,0,0,1
"305","http://dokdo.in/xaW","Y",5,0,1,0,0
"306","http://tbopf.suzit.uno","Y",5,0,1,0,0
"307","coir.e4fg.cash","Y",2,0,0,0,1
"308","coim.e4fg.cash","Y",2,0,0,0,1
"309","mic.i6jg.cash","Y",2,0,0,0,1
"310","nnp.i6jg.cash","Y",2,0,0,0,1
"311","obo.i6jg.cash","Y",2,0,0,0,1
"312","bom.i6jg.cash","Y",2,0,0,0,1
"313","ccx.t3tu.cash","Y",2,0,0,0,1
"314","niob.e4fg.cash","Y",2,0,0,0,1
"315","nim.pd3b.cash","Y",2,0,0,0,1
"316","xox.do7u.cash","Y",2,0,0,0,1
"317","mor.hkn2.cash","Y",2,0,0,0,1
"318","cam.s3xy.cash","Y",2,0,0,0,1
"319","obm.fnb4.media","Y",2,0,0,0,1
"320","cbim.e4fg.cash","Y",2,0,0,0,1
"321","obm.i6jg.cash","Y",2,0,0,0,1
"322","ccm.t3tu.cash","Y",2,0,0,0,1
"323","sioz.pd3b.cash","Y",2,0,0,0,1
"324","bioz.hkn2.cash","Y",2,0,0,0,1
"325","dioy.s3xy.cash","Y",2,0,0,0,1
"326","http://bit.ly/31bBxkx","Y",5,0,1,0,2
"327","https://han.gl/Cpasj","Y",5,0,1,0,0
"328","http://dgb.trisyssm.top/szxz0u","Y",6,0,1,0,1
"329","https://han.gl/mUvXE","Y",5,0,1,0,0
"330","obx.pd3b.cash","Y",2,0,0,0,1
"331","http://uo3.wpxze.com?y1rgd","Y",6,0,1,0,2
"332","soe.s3xy.cash","Y",2,0,0,0,1
"333","bioe.hkn2.cash","Y",2,0,0,0,1
"334","nin.pd3b.cash","Y",2,0,0,0,1
"335","ccb.t3tu.cash","Y",2,0,0,0,1
"336","xoic.e4fg.cash","Y",2,0,0,0,1
"337","http://66r1.wpxze.com?am8qmw","Y",6,0,1,0,4
"338","mbar.kwu0.live","Y",2,0,0,0,1
"339","http://pk.wpxze.com?quwu33","Y",6,0,1,0,2
"340","http://w.xsxwq.com?76jnxg","Y",6,0,1,0,2
"341","zo1.ul3u.show","Y",2,0,0,0,2
"342","oir.nvv2.pro","Y",2,0,0,0,1
"343","nin.b7ta.link","Y",2,0,0,0,1
"344","ionr.j4sv.live","Y",2,0,0,0,1
"345","http://htscw.bsone.kr","Y",5,0,1,0,0
"346","ccnr.dzw1.city","Y",2,0,0,0,1
"347","box.i6jg.cash","Y",2,0,0,0,1
"348","bit.ly/3bPVCCN","Y",2,0,0,0,1
"349","xsxwq.com?","Y",2,0,0,0,0
"350","http://ztu.xsxwq.com?u8qc5m","Y",6,0,1,0,2
"351","http://z8v.wpxze.com?r","Y",6,0,1,0,1
"352","bit.ly/3RkQWU2","Y",2,0,0,0,2
"353","boz.y5z7.cash","Y",2,0,0,0,2
"354","con01.nu8w.love","Y",2,0,0,0,3
"355","bit.ly/3RkQWU2","Y",2,0,0,0,2
"356","xsxwq.com?","Y",2,0,0,0,0
"357","http://or1.xsxwq.com?0ycl","Y",6,0,1,0,2
"358","bit.ly/3RkQWU2","Y",2,0,0,0,2
"359","http://fds.cjthemadm.com/cqv6ux","Y",6,0,1,0,1
"360","http://69fd.xsxwq.com?y3pl","Y",6,0,1,0,3
"361","http://mv0i.xsxwq.com?q1ro","Y",6,0,1,0,2
"362","https://bit.ly/3dMVNQ7","Y",5,0,1,0,2
"363","oia.pd3b.cash","Y",2,0,0,0,1
"364","ccn.t3tu.cash","Y",2,0,0,0,1
"365","non.hkn2.cash","Y",2,0,0,0,1
"366","conp.e4fg.cash","Y",2,0,0,0,1
"367","oio.pd3b.cash","Y",2,0,0,0,1
"368","bix.jhb4.beer","Y",2,0,0,0,1
"369","ccr.kl27.beer","Y",2,0,0,0,2
"370","ssx.f8ds.beer","Y",2,0,0,0,1
"371","http://ospdj.townr.kr","Y",5,0,1,0,0
"372","coin.e4fg.cash","Y",2,0,0,0,1
"373","http://opz.etkop.pro","Y",5,0,1,0,0
"374","http://l1.xsxwq.com?ctbx","Y",6,0,1,0,1
"375","ssa.f8ds.beer","Y",2,0,0,0,1
"376","xxn.kl27.beer","Y",2,0,0,0,2
"377","oixn.f8ds.beer","Y",2,0,0,0,1
"378","https://bit.ly/3dMVNQ7","Y",5,0,1,0,2
"379","http://h5p7.xsxwq.com?q7lcu","Y",6,0,1,0,3
"380","bit.ly/3dMVNQ7","Y",2,0,0,0,2
"381","cnn.s8h3.chat","Y",2,0,0,0,2
"382","https://si.sjdww.top","Y",5,0,1,0,0
"383","http://han.gl/RKZrf","Y",5,0,1,0,0
"384","ccm.y9ro.today","Y",2,0,0,0,1
"385","ccoz.e4fg.cash","Y",2,0,0,0,1
"386","doe.jhb4.beer","Y",2,0,0,0,1
"387","nnc.t3tu.cash","Y",2,0,0,0,1
"388","me.sx0p.site","Y",2,0,0,0,1
"389","https://bit.ly/3dMVNQ7","Y",5,0,1,0,2
"390","https://han.gl/nUtyx","Y",5,0,1,0,0
"391","https://bit.ly/3dMVNQ7","Y",5,0,1,0,2
"392","https://han.gl/nUtyx","Y",5,0,1,0,0
"393","http://han.gl/xgBWT","Y",5,0,1,0,0
"394","http://bit.ly/3cdMV5b","Y",5,0,1,0,2
"395","http://mn.msmanis.com","Y",5,0,1,0,0
"396","http://url.kr/LbepWC","Y",5,0,1,0,0
"397","xxm.kl27.beer","Y",2,0,0,0,2
"398","nix.d6rj.city","Y",2,0,0,0,1
"399","moa.hkn2.cash","Y",2,0,0,0,1
"400","han.gl/TsxaK","Y",2,0,0,0,0
"401","han.gl/DuWrL","Y",2,0,0,0,0
"402","https://han.gl/EqhEJ","Y",5,0,1,0,0
"403","http://han.gl/GZAOc","Y",5,0,1,0,0
"404","http://rol4.flixt.bid","Y",5,0,1,0,1
"405","http://rol4.flixt.bid","Y",5,0,1,0,1
"406","http://okr.khabk.com","Y",5,0,1,0,0
"407","http://okr.leshengsmart.com","Y",5,0,1,0,0
"408","sor.s3xy.cash","Y",2,0,0,0,1
"409","xbz.d9r3.media","Y",2,0,0,0,2
"410","http://okr.leshengsmart.com","Y",5,0,1,0,0
"411","http://okr.khabk.com","Y",5,0,1,0,0
"412","http://okr.flixt.bid","Y",5,0,1,0,0
"413","ws.kmediajob.info","Y",2,0,0,0,0
"414","http://di.xsxwq.com?a6fp","Y",6,0,1,0,1
"415","xn.d9r3.media","Y",2,0,0,0,2
"416","https://donate.do/DyPD","Y",5,0,1,0,0
"417","http://okr.leshengsmart.com","Y",5,0,1,0,0
"418","http://boil.flixt.bid","Y",5,0,1,0,0
"419","xbx.d9r3.media","Y",2,0,0,0,2
"420","http://mexr.leshengsmart.com","Y",5,0,1,0,0
"421","http://okr.khabk.com","Y",5,0,1,0,0
"422","http://boil.flixt.bid","Y",5,0,1,0,0
"423","https://bit.ly/3QPEJXK","Y",5,0,1,0,1
"424","http://bloa.leshengsmart.com","Y",5,0,1,0,0
"425","http://yuvs.nxkfe.us","Y",5,0,1,0,0
"426","http://hrhev.xmhes.us","Y",5,0,1,0,0
"427","www.kakaobank.cc","Y",2,0,0,0,0
"428","www.kakaoibank.com","Y",2,0,0,0,0
"429","http://kjgrc.ohi.gen.in","Y",6,0,1,0,0
"430","http://jrtd.leshengsmart.com","Y",5,0,1,0,0
"431","http://grdr.hone.gen.in","Y",6,0,1,0,0
"432","dioe.d9r3.media","Y",2,0,0,0,2
"433","ccp.kl27.beer","Y",2,0,0,0,2
"434","http://uise1.lpcti.ltd","Y",5,0,1,0,1
"435","onx.nty5.media","Y",2,0,0,0,1
"436","non.vv4r.live","Y",2,0,0,0,1
"437","http://yuvs.nxkfe.us","Y",5,0,1,0,0
"438","http://fimol.flixt.bid","Y",5,0,1,0,0
"439","nioa.e4fg.cash","Y",2,0,0,0,1
"440","http://okr.leshengsmart.com","Y",5,0,1,0,0
"441","http://jrfwe.ohi.gen.in","Y",6,0,1,0,0
"442","oni.nty5.media","Y",2,0,0,0,1
"443","http://bit.ly/3AMYwSN","Y",5,0,1,0,1
"444","iox.ra34.city","Y",2,0,0,0,2
"445","http://uise1.lpcti.ltd","Y",5,0,1,0,1
"446","ioz.nty5.media","Y",2,0,0,0,1
"447","http://asx1.rcloi.gay","Y",5,0,1,0,1
"448","http://gvlo7.opxzs.gay","Y",5,0,1,0,1
"449","http://dkip5.tbkoi.gay","Y",5,0,1,0,1
"450","http://hcwze.nxkfe.us","Y",5,0,1,0,0
"451","http://hgrfg.uiloz.gay","Y",5,0,1,0,0
"452","snz.ze7o.media","Y",2,0,0,0,1
"453","http://mexr.leshengsmart.com","Y",5,0,1,0,0
"454","http://grdr.ung.gen.in","Y",6,0,1,0,0
"455","http://5fxv.nstu.miami","Y",5,0,1,0,1
"456","onb.nty5.media","Y",2,0,0,0,1
"457","oix.d9r3.media","Y",2,0,0,0,2
"458","http://ropi1.eckio.gay","Y",5,0,1,0,1
"459","http://uos1.waiok.gay","Y",5,0,1,0,1
"460","http://k6tf.hsnu.miami","Y",5,0,1,0,1
"461","http://waok1.ikozs.gay","Y",5,0,1,0,1
"462","http://vrtb5.opxzs.gay","Y",5,0,1,0,1
"463","http://tjuy5.rcloi.gay","Y",5,0,1,0,1
"464","http://hrerx.oinr.miami","Y",5,0,1,0,0
"465","http://hget.ponw.miami","Y",5,0,1,0,0
"466","http://koie.lsnm.miami","Y",5,0,1,0,0
"467","http://xlop6.yxlio.gay","Y",5,0,1,0,1
"468","http://nfdwx.soue.miami","Y",5,0,1,0,0
"469","http://zsao3.tbkoi.gay","Y",5,0,1,0,1
"470","http://jras.einb.miami","Y",5,0,1,0,0
"471","http://zsvd.dnow.miami","Y",5,0,1,0,0
"472","http://ofad.nshi.miami","Y",5,0,1,0,0
"473","http://jterc.ontr.miami","Y",5,0,1,0,0
"474","http://zuiw.eibx.miami","Y",5,0,1,0,0
"475","http://kycn.tsbf.miami","Y",5,0,1,0,0
"476","http://nvfwx.zuwk.miami","Y",5,0,1,0,0
"477","http://unbd.xiys.miami","Y",5,0,1,0,0
"478","http://y5df.ontc.miami","Y",5,0,1,0,1
"479","http://ndmrc.usen.miami","Y",5,0,1,0,0
"480","nxx.vs3a.media","Y",2,0,0,0,1
"481","sz.m7uc.media","Y",2,0,0,0,1
"482","ony.io3v.media","Y",2,0,0,0,1
"483","http://sjez.gskw.miami","Y",5,0,1,0,0
"484","http://trswzr.sugy.miami","Y",5,0,1,0,0
"485","http://yysd.bmne.miami","Y",5,0,1,0,0
"486","nxn.vs3a.media","Y",2,0,0,0,1
"487","http://hilo4.ikozs.gay","Y",5,0,1,0,1
"488","http://rci2.yxlio.gay","Y",5,0,1,0,1
"489","http://unbd.xiys.miami","Y",5,0,1,0,0
"490","http://btrp3.opxzs.gay","Y",5,0,1,0,1
"491","http://jtfv.uiloz.gay","Y",5,0,1,0,0
"492","http://kyde.hsnu.miami","Y",5,0,1,0,0
"493","http://fgfv.ontc.miami","Y",5,0,1,0,0
"494","http://fgfv.soue.miami","Y",5,0,1,0,0
"495","http://rtew2.dnow.miami","Y",5,0,1,0,1
"496","http://jsasw.gskw.miami","Y",5,0,1,0,0
"497","http://bre3.waiok.gay","Y",5,0,1,0,1
"498","http://btza2.eckio.gay","Y",5,0,1,0,1
"499","http://hget.oinr.miami","Y",5,0,1,0,0
"500","http://dnrg2.rcloi.gay","Y",5,0,1,0,1
"501","http://dfw.ontr.miami","Y",5,0,1,0,0
"502","http://jhdeq.zuwk.miami","Y",5,0,1,0,0
"503","http://jgyh.nshi.miami","Y",5,0,1,0,0
"504","http://qing4.tbkoi.gay","Y",5,0,1,0,1
"505","http://waok1.ikozs.gay","Y",5,0,1,0,1
"506","http://jtdd.xiys.miami","Y",5,0,1,0,0
"507","http://nfdz.dnow.miami","Y",5,0,1,0,0
"508","http://jtwex.usen.miami","Y",5,0,1,0,0
"509","http://jterc.ontr.miami","Y",5,0,1,0,0
"510","one.io3v.media","Y",2,0,0,0,1
"511","nxb.vs3a.media","Y",2,0,0,0,1
"512","http://h3.bmne.miami","Y",5,0,1,0,1
"513","http://jtfv.uiloz.gay","Y",5,0,1,0,0
"514","http://jtfe3.hsnu.miami","Y",5,0,1,0,1
"515","snz.ze7o.media","Y",2,0,0,0,1
"516","or.m7uc.media","Y",2,0,0,0,1
"517","http://bs.smhkmm.top","Y",5,0,1,0,0
"518","http://bit.ly/2VbvRo4","Y",5,0,1,0,2
"519","http://dzko5.ikozs.gay","Y",5,0,1,0,1
"520","http://kopa3.yxlio.gay","Y",5,0,1,0,1
"521","http://dsage.gskw.miami","Y",5,0,1,0,0
"522","http://sgja.dnow.miami","Y",5,0,1,0,0
"523","http://ktfc.ontc.miami","Y",5,0,1,0,0
"524","http://100w.zuwk.miami","Y",5,0,1,0,3
"525","con.vs3a.media","Y",2,0,0,0,1
"526","http://hcwze.nxkfe.us","Y",5,0,1,0,0
"527","http://hget.oinr.miami","Y",5,0,1,0,0
"528","http://hre2.nshi.miami","Y",5,0,1,0,1
"529","http://yysd.bmne.miami","Y",5,0,1,0,0
"530","ior.nty5.media","Y",2,0,0,0,1
"531","http://he2s.sugy.miami","Y",5,0,1,0,1
"532","http://totoz.eibx.miami","Y",5,0,1,0,0
"533","http://hdc.nmgoe.us","Y",5,0,1,0,0
"534","nnt.y9ro.today","Y",2,0,0,0,1
"535","ccn.y9ro.today","Y",2,0,0,0,1
"536","http://xbvd.nftsout.com","Y",5,0,1,0,0
"537","xm.d9r3.media","Y",2,0,0,0,2
"538","http://htre2.filxt.bid","Y",5,0,1,0,1
"539","http://hgdebs.eovmw.us","Y",5,0,1,0,0
"540","http://hrsdc.nidoc.gen.in","Y",6,0,1,0,0
"541","http://xguo.kimsh.win","Y",5,0,1,0,0
"542","http://sxo2.dconz.ltd","Y",5,0,1,0,1
"543","http://dco5.cioat.win","Y",5,0,1,0,1
"544","http://kyedc.agenqi.com","Y",5,0,1,0,0
"545","http://kyucv.jiguangsiwa.com","Y",5,0,1,0,0
"546","http://fgfv.ontc.miami","Y",5,0,1,0,0
"547","http://kjtde.xiys.miami","Y",5,0,1,0,0
"548","http://jhysx.usen.miami","Y",5,0,1,0,0
"549","http://okgu1.tbkoi.gay","Y",5,0,1,0,1
"550","http://koie.lsnm.miami","Y",5,0,1,0,0
"551","http://a1.bmne.miami","Y",5,0,1,0,1
"552","http://totoz.eibx.miami","Y",5,0,1,0,0
"553","http://sjez.gskw.miami","Y",5,0,1,0,0
"554","http://kycn.tsbf.miami","Y",5,0,1,0,0
"555","www.kakaoibank.com","Y",2,0,0,0,0
"556","http://www.hairsoldkm.pro/z9uw30","Y",6,0,1,0,3
"557","http://bit.ly/39yn72A","Y",5,0,1,0,4
"558","http://han.gl/uUfLH","Y",5,0,1,0,0
"559","http://mjhf.usen.miami","Y",5,0,1,0,0
"560","yaba.nxsr.work","Y",2,0,0,0,0
"561","http://ghdfg.zyfudeng.com","Y",5,0,1,0,0
"562","http://hgfsaq.dnow.miami","Y",5,0,1,0,0
"563","http://easdf.bmne.miami","Y",5,0,1,0,0
"564","http://jydg.gskw.miami","Y",5,0,1,0,0
"565","http://tfew12.sugy.miami","Y",5,0,1,0,2
"566","http://kyfx.xiys.miami","Y",5,0,1,0,0
"567","http://jras.einb.miami","Y",5,0,1,0,0
"568","http;//zuiw.eibx.miami","Y",5,0,1,0,0
"569","http;//koielsnm.miami","Y",4,0,1,0,0
"570","http://jhrex.ontr.miami","Y",5,0,1,0,0
"571","http://mjhf.usen.miami","Y",5,0,1,0,0
"572","http://j6td.ontc.miami","Y",5,0,1,0,1
"573","http://hget.ponw.miami","Y",5,0,1,0,0
"574","http://jyts.zuwk.miami","Y",5,0,1,0,0
"575","ccx.f7vm.green","Y",2,0,0,0,1
"576","xbz.d9r3.media","Y",2,0,0,0,2
"577","ssy.t8tp.green","Y",2,0,0,0,1
"578","http://esao3.ikozs.gay","Y",5,0,1,0,1
"579","ccor.qkb9.green","Y",2,0,0,0,1
"580","oyz.cf9a.green","Y",2,0,0,0,1
"581","nna.v5hj.green","Y",2,0,0,0,1
"582","ns.foz2.work","Y",2,0,0,0,1
"583","http://sdash.gskw.miami","Y",5,0,1,0,0
"584","mx.uqf0.green","Y",2,0,0,0,1
"585","onr.io3v.media","Y",2,0,0,0,1
"586","xxm.kl27.beer","Y",2,0,0,0,2
"587","www.zrr.kr/p2by","Y",3,0,0,0,1
"588","www.zrr.kr/BT69","Y",3,0,0,0,2
"589","xxn.t8tp.green","Y",2,0,0,0,1
"590","https://han.gl/Cpasj","Y",5,0,1,0,0
"591","https://han.gl/MIySt","Y",5,0,1,0,0
"592","mv.uqf0.green","Y",2,0,0,0,1
"593","http://nmex.oksn.miami","Y",5,0,1,0,0
"594","http://4somw.kndo.miami","Y",5,0,1,0,1
"595","http://kolz3.xnkr.miami","Y",5,0,1,0,1
"596","ssx.t8tp.green","Y",2,0,0,0,1
"597","nios.d9r3.media","Y",2,0,0,0,2
"598","iop.me0d.host","Y",2,0,0,0,1
"599","ox.f7vm.green","Y",2,0,0,0,1
"600","mr.uqf0.green","Y",2,0,0,0,1
"601","http://dfnt4.xnkr.miami","Y",5,0,1,0,1
"602","http://hgfddf.kndo.miami","Y",5,0,1,0,0
"603","iozy.ys6d.media","Y",2,0,0,0,1
"604","http://han.gl/holYR","Y",5,0,1,0,0
"605","http://bit.ly/3aITj3E","Y",5,0,1,0,2
"606","onyas.h3v9.ink","Y",2,0,0,0,2
"607","ni12.ul3u.show","Y",2,0,0,0,3
"608","http://ston.dgef.miami","Y",5,0,1,0,0
"609","on18.ys6d.media","Y",2,0,0,0,3
"610","http://yuds1.oiwm.miami","Y",5,0,1,0,1
"611","http://ghr3.ztex.miami","Y",5,0,1,0,1
"612","http://rvol6.rkioz.quest","Y",5,0,1,0,1
"613","http://esao3.ikozs.gay","Y",5,0,1,0,1
"614","http://gtre.sugy.miami","Y",5,0,1,0,0
"615","http://fdwd.nshi.miami","Y",5,0,1,0,0
"616","http://j5df.ontc.miami","Y",5,0,1,0,1
"617","ioc.d9r.media","Y",2,0,0,0,1
"618","http://gfwcb.gskw.miami","Y",5,0,1,0,0
"619","http://yysd.bmne.miami","Y",5,0,1,0,0
"620","http://hrerx.oinr.miami","Y",5,0,1,0,0
"621","http://ahras.dnow.miami","Y",5,0,1,0,0
"622","http://uos1.waiok.gay","Y",5,0,1,0,1
"623","http://bsdcb3.xohe.press","Y",5,0,1,0,1
"624","http://rvol6.rkioz.quest","Y",5,0,1,0,1
"625","http://sxwc1.xnkr.miami","Y",5,0,1,0,1
"626","http://jtdc.kndo.miami","Y",5,0,1,0,0
"627","http://hgde2.hsno.press","Y",5,0,1,0,1
"628","http://nmex.oksn.miami","Y",5,0,1,0,0
"629","http://ogsc3.oiwm.miami","Y",5,0,1,0,1
"630","http://fyn1.ztex.miami","Y",5,0,1,0,1
"631","http://ghsw2.lmwe.press","Y",5,0,1,0,1
"632","http://grgt.nmeo.press","Y",5,0,1,0,0
"633","http://hrcw.nftsout.com","Y",5,0,1,0,0
"634","http://wuki3.lopzr.quest","Y",5,0,1,0,1
"635","bineane.com","Y",1,0,0,0,0
"636","www.kakaobank.cc","Y",2,0,0,0,0
"637","http://fyn1.ztex.miami","Y",5,0,1,0,1
"638","http://nmex.oksn.miami","Y",5,0,1,0,0
"639","http://kjrc.hsno.press","Y",5,0,1,0,0
"640","http://bsdcb3.xohe.press","Y",5,0,1,0,1
"641","http://ghsw2.lmwe.press","Y",5,0,1,0,1
"642","http://wuki3.lopzr.quest","Y",5,0,1,0,1
"643","http://ghr3.ztex.miami","Y",5,0,1,0,1
"644","http://3hecx.kndo.miami","Y",5,0,1,0,1
"645","http://a2dg.oiwm.miami","Y",5,0,1,0,1
"646","http://rvol6.rkioz.quest","Y",5,0,1,0,1
"647","http://ktys.dnow.miami","Y",5,0,1,0,0
"648","bineane.com","Y",1,0,0,0,0
"649","http://kjrc.hsno.press","Y",5,0,1,0,0
"650","bineane.com","Y",1,0,0,0,0
"651","http://ws.cjmskmm.com","Y",5,0,1,0,0
"652","http://2fdgs.kndo.miami","Y",5,0,1,0,1
"653","ne.hwm8.top","Y",2,0,0,0,1
"654","http://ufwx.nmeo.press","Y",5,0,1,0,0
"655","ccna.uveq.space","Y",2,0,0,0,0
"656","bineane.com","Y",1,0,0,0,0
"657","biox.p4wi.media","Y",2,0,0,0,1
"658","http://htdg.tsbf.miami","Y",5,0,1,0,0
"659","on17.ys6d.media","Y",2,0,0,0,3
"660","onr.io3v.media","Y",2,0,0,0,1
"661","cn.p5rp.media","Y",2,0,0,0,1
"662","http://htw1.zrhc.miami","Y",5,0,1,0,1
"663","http://grgt.zbfe.miami","Y",5,0,1,0,0
"664","http://sdzfb.fkopz.agency","Y",5,0,1,0,0
"665","http://hgrcv.lmwe.press","Y",5,0,1,0,0
"666","http://htfer.ontr.miami","Y",5,0,1,0,0
"667","cb.p5rp.media","Y",2,0,0,0,1
"668","http://yr4d.zrhc.miami","Y",5,0,1,0,1
"669","http://grgt.zbfe.miami","Y",5,0,1,0,0
"670","https://han.gl/riKkb","Y",5,0,1,0,0
"671","http://bit.ly/3bhBJUH","Y",5,0,1,0,1
"672","cz.p5rp.media","Y",2,0,0,0,1
"673","http://htw1.zrhc.miami","Y",5,0,1,0,1
"674","http://gfrdc.nsoe.skin","Y",5,0,1,0,0
"675","http://hudcv.novt.casa","Y",5,0,1,0,0
"676","http://pkio1.aetop.hair","Y",5,0,1,0,1
"677","http://tnybd.fkopz.agency","Y",5,0,1,0,0
"678","cc07.s7br.cash","Y",2,0,0,0,3
"679","coaz.y6ix.media","Y",2,0,0,0,1
"680","http://evsrs.fkopz.agency","Y",5,0,1,0,0
"681","http://fdge.zrhc.miami","Y",5,0,1,0,0
"682","http://fdrwx.nsoe.skin","Y",5,0,1,0,0
"683","http://gft.nmeo.press","Y",5,0,1,0,0
"684","http://grgt.zbfe.miami","Y",5,0,1,0,0
"685","http://hjtdwz.ung.gen.in","Y",6,0,1,0,0
"686","http://irgs.einb.miami","Y",5,0,1,0,0
"687","http://jfbec.cxoy.casa","Y",5,0,1,0,0
"688","http://kjrc.hsno.press","Y",5,0,1,0,0
"689","http://kyedc.agenqi.com","Y",5,0,1,0,0
"690","http://okr.flixt.bid","Y",5,0,1,0,0
"691","http://pkio1.aetop.hair","Y",5,0,1,0,1
"692","nna.qd9m.cash","Y",2,0,0,0,1
"693","bit.ly/3yVGET3","Y",2,0,0,0,2
"694","http://pldth.fkopz.agency","Y",5,0,1,0,0
"695","http://ge2a.gskw.miami","Y",5,0,1,0,1
"696","http://ogsc3.oiwm.miami","Y",5,0,1,0,1
"697","http://nfdwx.soue.miami","Y",5,0,1,0,0
"698","cc08.s7br.cash","Y",2,0,0,0,3
"699","nnx.qd9m.cash","Y",2,0,0,0,1
"700","http://bit.ly/3pIgX5K","Y",5,0,1,0,2
"701","http://dbtik.fkopz.agency","Y",5,0,1,0,0
"702","ckiop.josys.wiki","Y",2,0,0,0,0
"703","cc04.s7br.cash","Y",2,0,0,0,3
"704","by04.z8oq.pet","Y",2,0,0,0,3
"705","http://htw1.zrhc.miami","Y",5,0,1,0,1
"706","http://jtde2.zbfe.miami","Y",5,0,1,0,1
"707","ccx.qd9m.cash","Y",2,0,0,0,1
"708","https://url.vet/avf48","Y",5,0,1,0,2
"709","xxb6.ptd3.pet","Y",2,0,0,0,2
"710","cce.ef4l.cash","Y",2,0,0,0,1
"711","http://hudcv.novt.casa","Y",5,0,1,0,0
"712","http://fdrwx.nsoe.skin","Y",5,0,1,0,0
"713","http://evsrs.fkopz.agency","Y",5,0,1,0,0
"714","http://fgedd.xnhs.hair","Y",5,0,1,0,0
"715","http://y5df.ontc.miami","Y",5,0,1,0,1
"716","http://ktys.dnow.miami","Y",5,0,1,0,0
"717","http://fgedd.xnhs.hair","Y",5,0,1,0,0
"718","vvd.kbsdkoim.top","Y",2,0,0,0,0
"719","xxba.ptd3.pet","Y",2,0,0,0,1
"720","http://xs.cjsmskk.com","Y",5,0,1,0,0
"721","http://han.gl/RVseX","Y",5,0,1,0,0
"722","https://bit.ly/3SYfEvx","Y",5,0,1,0,1
"723","nn17.oi3q.pet","Y",2,0,0,0,3
"724","miob.i6uy.pet","Y",2,0,0,0,1
"725","coy04.ct9i.pet","Y",2,0,0,0,3
"726","http://dbtgv.umdv.hair","Y",5,0,1,0,0
"727","ssix.gt6o.pet","Y",2,0,0,0,1
"728","http://hghgf.oeic.hair","Y",5,0,1,0,0
"729","http://jkrc.oeic.hair","Y",5,0,1,0,0
"730","http://jfrdvs.umdv.hair","Y",5,0,1,0,0
"731","ccm.qd9m.cash","Y",2,0,0,0,1
"732","cc03.it6u.media","Y",2,0,0,0,3
"733","http://jhgf3.znie.agency","Y",5,0,1,0,1
"734","http://hgefb3.xnud.uno","Y",5,0,1,0,1
"735","http://hjgde.zoeu.uno","Y",5,0,1,0,0
"736","http://jdwxvw.nson.skin","Y",5,0,1,0,0
"737","http://jhgr3.tinx.quest","Y",5,0,1,0,1
"738","http://gjrex.sorw.quest","Y",5,0,1,0,0
"739","http://uolz9.ption.beauty","Y",5,0,1,0,1
"740","xxbz.ptd3.pet","Y",2,0,0,0,1
"741","http://tbopf.suzit.uno","Y",5,0,1,0,0
"742","http://jfrdvs.umdv.hair","Y",5,0,1,0,0
"743","http://jexgr.xnud.uno","Y",5,0,1,0,0
"744","http://jyfvs.zoeu.uno","Y",5,0,1,0,0
"745","http://vxfe.znie.agency","Y",5,0,1,0,0
"746","http://hgefb3.xnud.uno","Y",5,0,1,0,1
"747","http://yufsv3.zoeu.uno","Y",5,0,1,0,1
"748","http://bit.ly/3PqapT4","Y",5,0,1,0,2
"749","http://han.gl/MCjZz","Y",5,0,1,0,0
"750","http://gdfex.nsht.skin","Y",5,0,1,0,0
"751","http://jkrc.oeic.hair","Y",5,0,1,0,0
"752","http://gydfd.nson.skin","Y",5,0,1,0,0
"753","http://jfrdvs.umdv.hair","Y",5,0,1,0,0
"754","http://jfsdc.zoeu.uno","Y",5,0,1,0,0
"755","http://hgefb3.xnud.uno","Y",5,0,1,0,1
"756","http://vxfe.znie.agency","Y",5,0,1,0,0
"757","http://jhgr3.tinx.quest","Y",5,0,1,0,1
"758","http://gjrex.sorw.quest","Y",5,0,1,0,0
"759","http://wuzlp.dxtzc.com","Y",5,0,1,0,0
"760","http://hioz2.ption.beauty","Y",5,0,1,0,1
"761","http://hfdg.okdu.casa","Y",5,0,1,0,0
"762","ccb.qd9m.cash","Y",2,0,0,0,1
"763","http://azhye.umdv.hair","Y",5,0,1,0,0
"764","http://hjkfdc.tinx.quest","Y",5,0,1,0,0
"765","http://kfsjf.sorw.quest","Y",5,0,1,0,0
"766","http://sgvec.xnhs.hair","Y",5,0,1,0,0
"767","http://sewf1.sugy.miami","Y",5,0,1,0,1
"768","http://jtdexv.ohi.gen.in","Y",6,0,1,0,0
"769","http://gydfd.nson.skin","Y",5,0,1,0,0
"770","http://gfdg.bcyj.casa","Y",5,0,1,0,0
"771","http://dg.okdu.casa","Y",5,0,1,0,0
"772","http://hjfw.nxkfe.us","Y",5,0,1,0,0
"773","http://kolz3.xnkr.miami","Y",5,0,1,0,1
"774","http://okgu1.tbkoi.gay","Y",5,0,1,0,1
"775","http://hfdg.okdu.casa","Y",5,0,1,0,0
"776","http://herw.xnud.uno","Y",5,0,1,0,0
"777","http://yufsv3.zoeu.uno","Y",5,0,1,0,1
"778","http://hjkfdc.tinx.quest","Y",5,0,1,0,0
"779","http://hjfffe3.sorw.quest","Y",5,0,1,0,1
"780","http://xlop6.yxlio.gay","Y",5,0,1,0,1
"781","http://tjuy5.rcloi.gay","Y",5,0,1,0,1
"782","http://gfdg.bcyj.casa","Y",5,0,1,0,0
"783","http://bit.ly/3Ht5XzQ","Y",5,0,1,0,2
"784","http://bit.ly/3ocSpQ9","Y",5,0,1,0,2
"785","http://han.gl/MCjZz","Y",5,0,1,0,0
"786","http://bit.ly/3ICCuUJ","Y",5,0,1,0,1
"787","http://god.cjthemarks.top/sgfk","Y",6,0,1,0,0
"788","http://gfdg.bcyj.casa","Y",5,0,1,0,0
"789","ion15.a2wi.pet","Y",2,0,0,0,3
"790","http://ac04.ty2t.pet","Y",5,0,1,0,3
"791","http://m13.d9sw.pet","Y",5,0,1,0,3
"792","http://hjkfdc.tinx.quest","Y",5,0,1,0,0
"793","http://kyde.hsnu.miami","Y",5,0,1,0,0
"794","http://c021.rid1.pet","Y",5,0,1,0,4
"795","http://ac05.ty2t.pet","Y",5,0,1,0,3
"796","http://m19.d9sw.pet","Y",5,0,1,0,3
"797","http://twcvx.umdv.hair","Y",5,0,1,0,0
"798","ccr.ef4l.cash","Y",2,0,0,0,1
"799","http://ap12.ty2t.pet","Y",5,0,1,0,3
"800","http://jexgr.xnud.uno","Y",5,0,1,0,0
"801","http://hget.ponw.miami","Y",5,0,1,0,0
"802","http://gfrwz.noex.skin","Y",5,0,1,0,0
"803","http://hudcv.novt.casa","Y",5,0,1,0,0
"804","http://hdxv.zisu.skin","Y",5,0,1,0,0
"805","http://uio2.fkopz.agency","Y",5,0,1,0,1
"806","http://avnf.xnhs.hair","Y",5,0,1,0,0
"807","http://twcvx.umdv.hair","Y",5,0,1,0,0
"808","http://mfsdcv.newu.hair","Y",5,0,1,0,0
"809","http://bcxsg.oeic.hair","Y",5,0,1,0,0
"810","ssz.tq1y.media","Y",2,0,0,0,1
"811","http://jdwxvw.nson.skin","Y",5,0,1,0,0
"812","http://fvoy1.fkopz.agency","Y",5,0,1,0,1
"813","xxn.tq1y.media","Y",2,0,0,0,1
"814","http://n07.wsc7.pet","Y",5,0,1,0,3
"815","http://ucsc.krsx.gay","Y",5,0,1,0,0
"816","http://gdfex.nsht.skin","Y",5,0,1,0,0
"817","http://gydfd.nson.skin","Y",5,0,1,0,0
"818","http://jfsdc.zoeu.uno","Y",5,0,1,0,0
"819","http://jexgr.xnud.uno","Y",5,0,1,0,0
"820","http://dggd.poie.agency","Y",5,0,1,0,0
"821","http://hgsfhrx.tinx.quest","Y",5,0,1,0,0
"822","http://m19.f80v.pet","Y",5,0,1,0,4
"823","http://n09.wsc7.pet","Y",5,0,1,0,3
"824","nn09.fdx6.cash","Y",2,0,0,0,3
"825","http://s14.ty2t.pet","Y",5,0,1,0,3
"826","http://dbtgv.umdv.hair","Y",5,0,1,0,0
"827","ftsew.otaez.today","Y",2,0,0,0,0
"828","http://fggdf.onsh.casa","Y",5,0,1,0,0
"829","https://me2.kr/t3vmq","Y",5,0,1,0,2
"830","http://hghgf.oeic.hair","Y",5,0,1,0,0
"831","http://m05.d9sw.pet","Y",5,0,1,0,3
"832","https://bit.ly/3g1ysem","Y",5,0,1,0,2
"833","http://dggd.poie.agency","Y",5,0,1,0,0
"834","http://hrf.xiys.miami","Y",5,0,1,0,0
"835","http://n06.wsc7.pet","Y",5,0,1,0,3
"836","https://bit.ly/3g1ysem","Y",5,0,1,0,2
"837","https://bit.ly/3MGJx06","Y",5,0,1,0,3
"838","https://bit.ly/3g1ysem","Y",5,0,1,0,2
"839","http://m22.f80v.pet","Y",5,0,1,0,4
"840","http://jhxaq.nxoe.hair","Y",5,0,1,0,0
"841","http://hgbdv.wogi.hair","Y",5,0,1,0,0
"842","http://erbst.fkopz.agency","Y",5,0,1,0,0
"843","http://winy1.ndtre.life","Y",5,0,1,0,1
"844","http://jtde2.zbfe.miami","Y",5,0,1,0,1
"845","http://cy02.wsc7.pet","Y",5,0,1,0,3
"846","http://cy02.ofc6.pet","Y",5,0,1,0,3
"847","http://ucsc.krsx.gay","Y",5,0,1,0,0
"848","http://hdfsf.wogi.hair","Y",5,0,1,0,0
"849","http://hjtff.nxoe.hair","Y",5,0,1,0,0
"850","http://cy02.ofc6.pet","Y",5,0,1,0,3
"851","http://cy11.vhf7.pet","Y",5,0,1,0,3
"852","http://htrdv.xnhs.hair","Y",5,0,1,0,0
"853","http://jhgvd.wogi.hair","Y",5,0,1,0,0
"854","http://jkdfwx.nxoe.hair","Y",5,0,1,0,0
"855","http://cy13.vhf7.pet","Y",5,0,1,0,3
"856","http://kjggv.wogi.hair","Y",5,0,1,0,0
"857","http://cy04.ofc6.pet","Y",5,0,1,0,3
"858","https://han.gl/HIAom","Y",5,0,1,0,0
"859","http://t2m.kr/a6VsJ","Y",5,0,1,0,2
"860","http://ukxt6.clrhk.quest","Y",5,0,1,0,1
"861","http://hrxc.usoe.hair","Y",5,0,1,0,0
"862","http://gujxw.xmue.hair","Y",5,0,1,0,0
"863","http://fdsfw23.xmue.hair","Y",5,0,1,0,2
"864","http://hgbdv.wogi.hair","Y",5,0,1,0,0
"865","http://hgfdv.nxoe.hair","Y",5,0,1,0,0
"866","http://jhfexw.usoe.hair","Y",5,0,1,0,0
"867","http://hjddde.sorw.quest","Y",5,0,1,0,0
"868","http://sjez.gskw.miami","Y",5,0,1,0,0
"869","https://cutt.ly/xBOT1LD","Y",5,0,1,0,1
"870","http://hjftg.poen.hair","Y",5,0,1,0,0
"871","http://kjyecx.uenx.hair","Y",5,0,1,0,0
"872","http://txkoi.olpzs.beauty","Y",5,0,1,0,0
"873","http://ghcvx.pinb.hair","Y",5,0,1,0,0
"874","http://fggdd.sxue.hair","Y",5,0,1,0,0
"875","http://sebr.emlgy.quest","Y",5,0,1,0,0
"876","http://gfdffsorw.quest","Y",4,0,1,0,0
"877","http://senbz.rsikz.beauty","Y",5,0,1,0,0
"878","http://ston.dgef.miami","Y",5,0,1,0,0
"879","http://jkhesd.nwix.website","Y",5,0,1,0,0
"880","http://jrfwe.ohi.gen.in","Y",6,0,1,0,0
"881","http://jfded.oenm.website","Y",5,0,1,0,0
"882","http://dkio.mulan.ink","Y",5,0,1,0,0
"883","zoc.s3xy.cash","Y",2,0,0,0,1
"884","http://m05.swo4.pet","Y",5,0,1,0,3
"885","http://m09.h2it.bLack","Y",5,0,1,0,3
"886","http://seno.wsxoi.ltd","Y",5,0,1,0,0
"887","http://fpyct.mtzpk.com","Y",5,0,1,0,0
"888","http://m25.h2it.bLack","Y",5,0,1,0,3
"889","http://hjgv.wogi.hair","Y",5,0,1,0,0
"890","http://hgfdv.nxoe.hair","Y",5,0,1,0,0
"891","http://jy5dv.uenx.hair","Y",5,0,1,0,1
"892","http://ckop1.olpzs.beauty","Y",5,0,1,0,1
"893","http://hjftg.poen.hair","Y",5,0,1,0,0
"894","http://ksxty.emlgy.quest","Y",5,0,1,0,0
"895","http://hggf3.sxue.hair","Y",5,0,1,0,1
"896","http://ghcvx.pinb.hair","Y",5,0,1,0,0
"897","http://sdnrt.rsikz.beauty","Y",5,0,1,0,0
"898","http://vfioz.clrhk.quest","Y",5,0,1,0,0
"899","http://jkhesd.nwix.website","Y",5,0,1,0,0
"900","http://ghfgx.oenm.website","Y",5,0,1,0,0
"901","http://hrtrf.uenx.hair","Y",5,0,1,0,0
"902","http://yklo8.olpzs.beauty","Y",5,0,1,0,1
"903","http://h52s.poen.hair","Y",5,0,1,0,2
"904","http://hloic.emlgy.quest","Y",5,0,1,0,0
"905","http://ghcvx.pinb.hair","Y",5,0,1,0,0
"906","http://vfioz.clrhk.quest","Y",5,0,1,0,0
"907","http://jfdwx.sxue.hair","Y",5,0,1,0,0
"908","http://gfhnx.rsikz.beauty","Y",5,0,1,0,0
"909","http://jkhesd.nwix.website","Y",5,0,1,0,0
"910","http://jhgfdf.oenm.website","Y",5,0,1,0,0
"911","http://cy06.swo4.pet","Y",5,0,1,0,3
"912","http://m26.h2it.bLack","Y",5,0,1,0,3
"913","http://bit.ly/3AMYwSN","Y",5,0,1,0,1
"914","http://han.gl/hYkEY","Y",5,0,1,0,0
"915","https://han.gl/UyWhY","Y",5,0,1,0,0
"916","ccr.i1xn.pet","Y",2,0,0,0,1
"917","nnop.djv3.pet","Y",2,0,0,0,1
"918","io6.my6a.pet","Y",2,0,0,0,2
"919","http://fgecv.bcyj.casa","Y",5,0,1,0,0
"920","http://oldtz.fkopz.agency","Y",5,0,1,0,0
"921","http://m15.d9sw.pet","Y",5,0,1,0,3
"922","http://s03.ty2t.pet","Y",5,0,1,0,3
"923","http://by08.rid1.pet","Y",5,0,1,0,3
"924","http://ps13.zu6l.pet","Y",5,0,1,0,3
"925","http://m05.f80v.pet","Y",5,0,1,0,4
"926","noz.ga4a.pet","Y",2,0,0,0,1
"927","http://fghfddf.bgsi.hair","Y",5,0,1,0,0
"928","gdsddf.svyw.hair","Y",2,0,0,0,0
"929","http://jgffdgd.rinz.asia","Y",5,0,1,0,0
"930","http://dsdsw.xnya.skin","Y",5,0,1,0,0
"931","http://jhfcds.unsc.asia","Y",5,0,1,0,0
"932","http://zikol9.olpzs.beauty","Y",5,0,1,0,1
"933","http://rtmyd.emlgy.quest","Y",5,0,1,0,0
"934","http://hddsdd.pwoi.skin","Y",5,0,1,0,0
"935","http://hffbx.xuty.beauty","Y",5,0,1,0,0
"936","http://m07.h2it.bLack","Y",5,0,1,0,3
"937","xxv.tq1y.media","Y",2,0,0,0,1
"938","http://fgdgs.xuty.beauty","Y",5,0,1,0,0
"939","http://ktffwd.nwix.website","Y",5,0,1,0,0
"940","http://cy03.swo4.pet","Y",5,0,1,0,3
"941","http://4somw.kndo.miami","Y",5,0,1,0,1
"942","http://by05.gt3o.bLack","Y",5,0,1,0,3
"943","http://dsdfgfs.bgsi.hair","Y",5,0,1,0,0
"944","http://jhgbd.nwix.website","Y",5,0,1,0,0
"945","http://fgdgs.xuty.beauty","Y",5,0,1,0,0
"946","http://bit.ly/3nR0MR9","Y",5,0,1,0,3
"947","https://han.gl/UyWhY","Y",5,0,1,0,0
"948","http://vsfdgf.onsr.quest","Y",5,0,1,0,0
"949","http://hfw4.uenx.hair","Y",5,0,1,0,1
"950","http://hfvdc.xuty.beauty","Y",5,0,1,0,0
"951","http://ddhr3.xnya.skin","Y",5,0,1,0,1
"952","http://m11.swo4.pet","Y",5,0,1,0,3
"953","http://ghfddd.naor.beauty","Y",5,0,1,0,0
"954","http://ozjaf.dctsv.com","Y",5,0,1,0,0
"955","http://jkuhff.uenx.hair","Y",5,0,1,0,0
"956","http://ktys.dnow.miami","Y",5,0,1,0,0
"957","http://bcxsg.oeic.hair","Y",5,0,1,0,0
"958","http://hfefg.onsr.quest","Y",5,0,1,0,0
"959","http://fgfdde.xnya.skin","Y",5,0,1,0,0
"960","http://hhhdss.unsc.asia","Y",5,0,1,0,0
"961","http://sfdfdf.svyw.hair","Y",5,0,1,0,0
"962","http://ucsc.krsx.gay","Y",5,0,1,0,0
"963","http://jktgr.poen.hair","Y",5,0,1,0,0
"964","http://jkhex2.usoe.hair","Y",5,0,1,0,1
"965","http://m21.f80v.pet","Y",5,0,1,0,4
"966","http://jhes2.uenx.hair","Y",5,0,1,0,1
"967","http://dfsdsdd.pwoi.skin","Y",5,0,1,0,0
"968","http://hghgf.oeic.hair","Y",5,0,1,0,0
"969","http://hggf3.sxue.hair","Y",5,0,1,0,1
"970","http://m03.swo4.pet","Y",5,0,1,0,3
"971","http://hggddd.xuty.beauty","Y",5,0,1,0,0
"972","http://hfds1.uenx.hair","Y",5,0,1,0,1
"973","http://gfssaew.bgsi.hair","Y",5,0,1,0,0
"974","http://idvz.znek.agency","Y",5,0,1,0,0
"975","http://hfdg.okdu.casa","Y",5,0,1,0,0
"976","http://gft.xohe.press","Y",5,0,1,0,0
"977","http://100w.zuwk.miami","Y",5,0,1,0,3
"978","http://jdvcbe.nwix.website","Y",5,0,1,0,0
"979","http://hgffx.usnm.quest","Y",5,0,1,0,0
"980","http://totoz.eibx.miami","Y",5,0,1,0,0
"981","http://ikodt.olpzs.beauty","Y",5,0,1,0,0
"982","http://hhhhdf.rinz.asia","Y",5,0,1,0,0
"983","http://ccvvvs.naor.beauty","Y",5,0,1,0,0
"984","http://cy05.ofc6.pet","Y",5,0,1,0,3
"985","http://ddzz2.naor.skin","Y",5,0,1,0,1
"986","http://dtbog.olpzs.beauty","Y",5,0,1,0,0
"987","http://fderdfv.svyw.hair","Y",5,0,1,0,0
"988","http://fdfddffg.bgsi.hair","Y",5,0,1,0,0
"989","http://fdgdsf.rinz.asia","Y",5,0,1,0,0
"990","http://fdssg3.svyw.hair","Y",5,0,1,0,1
"991","http://fgdsdg.onsr.quest","Y",5,0,1,0,0
"992","http://fina.vhios.agency","Y",5,0,1,0,0
"993","http://gdfdds.xnya.skin","Y",5,0,1,0,0
"994","http://ghfdsd.snya.skin","Y",5,0,1,0,0
"995","http://grddc.usoe.hair","Y",5,0,1,0,0
"996","http://hddce2.xmue.hair","Y",5,0,1,0,1
"997","http://hdfdff.nwix.website","Y",5,0,1,0,0
"998","http://hfdrfr3.pwoi.skin","Y",5,0,1,0,1
"999","http://hfecc.wogi.hair","Y",5,0,1,0,0
"1000","http://hfw4.uenx.hair","Y",5,0,1,0,1
"1001","http://hget.unsc.asia","Y",5,0,1,0,0
"1002","http://hgfde3x.pinb.hair","Y",5,0,1,0,1
"1003","http://hgffgd.rinz.asia","Y",5,0,1,0,0
"1004","http://hgfresd.xyna.skin","Y",5,0,1,0,0
"1005","http://hgrdf.unsc.asia","Y",5,0,1,0,0
"1006","http://hjgd2.pinb.hair","Y",5,0,1,0,1
"1007","http://htfs.ohi.gen.in","Y",6,0,1,0,0
"1008","http://jfded.oenm.website","Y",5,0,1,0,0
"1009","http://jhes2.unex.hair","Y",5,0,1,0,1
"1010","http://jhfex.oenm.website","Y",5,0,1,0,0
"1011","http://kycsc.poen.hair","Y",5,0,1,0,0
"1012","http://m07.h2it.bLack","Y",5,0,1,0,3
"1013","http://nfwx.usnm.quest","Y",5,0,1,0,0
"1014","http://saffda.svyw.hair","Y",5,0,1,0,0
"1015","http://winy1.ndtre.life","Y",5,0,1,0,1
"1016","http://jvfex.oshr.casa","Y",5,0,1,0,0
"1017","http://jtcsax.oshr.case","Y",5,0,1,0,0
"1018","https://bit.ly/3s1LJ9","Y",5,0,1,0,3
"1019","http://gdsfas2.unsc.asia","Y",5,0,1,0,1
"1020","http://nhfcc.oshr.casa","Y",5,0,1,0,0
"1021","http://auilo.spoan.beauty","Y",5,0,1,0,0
"1022","http://fgdcv.xuwo.casa","Y",5,0,1,0,0
"1023","http://jgdcv.soucv.casa","Y",5,0,1,0,0
"1024","http://1dgrfx.oiwx.casa","Y",5,0,1,0,1
"1025","http://hfd3x.uwin.casa","Y",5,0,1,0,1
"1026","http://jhdgbd.hxnis.casa","Y",5,0,1,0,0
"1027","http://hget.usocn.casa","Y",5,0,1,0,0
"1028","http://oplzs.vkioa.beauty","Y",5,0,1,0,0
"1029","http://frip.fuopz.gay","Y",5,0,1,0,0
"1030","http://ghfsdc.msius.casa","Y",5,0,1,0,0
"1031","http://jfdec.wicuz.casa","Y",5,0,1,0,0
"1032","http://fgfv.ontc.miami","Y",5,0,1,0,0
"1033","http://ghfgx.oenm.website","Y",5,0,1,0,0
"1034","http://nccvec.oshr.casa","Y",5,0,1,0,0
"1035","http://fipz.spoan.beauty","Y",5,0,1,0,0
"1036","http://htvs32.pinb.hair","Y",5,0,1,0,2
"1037","http://hfds1.uenx.hair","Y",5,0,1,0,1
"1038","oib.ef4l.cash","Y",2,0,0,0,1
"1039","http://duuko.spoan.beauty","Y",5,0,1,0,0
"1040","http://hgtfcv.oshr.casa","Y",5,0,1,0,0
"1041","http://jgdcv.soucv.casa","Y",5,0,1,0,0
"1042","http://jfg3x.xuwo.casa","Y",5,0,1,0,1
"1043","http://jhdgbd.hxnis.casa","Y",5,0,1,0,0
"1044","http://ffhexc.oiwx.casa","Y",5,0,1,0,0
"1045","http://ghfsdc.msius.casa","Y",5,0,1,0,0
"1046","http://hget.usocn.casa","Y",5,0,1,0,0
"1047","http://silof.spoan.beauty","Y",5,0,1,0,0
"1048","http://jvfex.oshr.casa","Y",5,0,1,0,0
"1049","http://jgfeex.uwin.casa","Y",5,0,1,0,0
"1050","http://1dgrfx.oiwx.casa","Y",5,0,1,0,1
"1051","http://gdfev.wicuz.casa","Y",5,0,1,0,0
"1052","http://bcvsw.oshr.casa","Y",5,0,1,0,0
"1053","http://hfd3x.uwin.casa","Y",5,0,1,0,1
"1054","http://hget.usocn.casa","Y",5,0,1,0,0
"1055","http://ytxxx.ohsr.casa","Y",5,0,1,0,0
"1056","http://svas.gvioc.agency","Y",5,0,1,0,0
"1057","http://gdfev.wicuz.casa","Y",5,0,1,0,0
"1058","http://frxvz.soucv.casa","Y",5,0,1,0,0
"1059","http://ffhexc.oiwx.casa","Y",5,0,1,0,0
"1060","http://kdti.ragik.beauty","Y",5,0,1,0,0
"1061","http://fgdcv.xuwo.casa","Y",5,0,1,0,0
"1062","http://gfcexc.hxnis.casa","Y",5,0,1,0,0
"1063","http://ghfsdc.msius.casa","Y",5,0,1,0,0
"1064","http://dfsdsdd.pwoi.skin","Y",5,0,1,0,0
"1065","http://fsdfgsd.xnya.skin","Y",5,0,1,0,0
"1066","http://hgvdc.pinb.hair","Y",5,0,1,0,0
"1067","http://hudcv.novt.casa","Y",5,0,1,0,0
"1068","http://eeedx.rinz.asia","Y",5,0,1,0,0
"1069","http://hget.usocn.casa","Y",5,0,1,0,0
"1070","http://nccvec.oshr.casa","Y",5,0,1,0,0
"1071","http://jyes2.xuwo.casa","Y",5,0,1,0,1
"1072","http://jfg3x.wicuz.casa","Y",5,0,1,0,1
"1073","http://jydsqz.oshr.casa","Y",5,0,1,0,0
"1074","http://hfdrfr3.pwoi.skin","Y",5,0,1,0,1
"1075","http://hfd3x.uwin.casa","Y",5,0,1,0,1
"1076","http://jyes2.xuwo.casa","Y",5,0,1,0,1
"1077","http://jktgr.poen.hair","Y",5,0,1,0,0
"1078","http://ffhexc.oiwx.casa","Y",5,0,1,0,0
"1079","http://hdvec.oshr.casa","Y",5,0,1,0,0
"1080","http://gfd3ssa.pwoi.skin","Y",5,0,1,0,1
"1081","http://ji7f.znek.agency","Y",5,0,1,0,1
"1082","https://bit.ly/3QNW7fC","Y",5,0,1,0,2
"1083","http://jhfexw.usoe.hair","Y",5,0,1,0,0
"1084","http://jfdec.wicuz.casa","Y",5,0,1,0,0
"1085","http://hrffe.rinz.asia","Y",5,0,1,0,0
"1086","http://gdfcs.hsny.boutique","Y",5,0,1,0,0
"1087","http://ghdfgg.xuty.beauty","Y",5,0,1,0,0
"1088","http://gikoz.fuopz.gay","Y",5,0,1,0,0
"1089","http://jhdgbd.hxnis.casa","Y",5,0,1,0,0
"1090","http://fghfddf.bgsi.hair","Y",5,0,1,0,0
"1091","http://vbbvny.kremt.boston","Y",5,0,1,0,0
"1092","http://hjgdd.sorw.quest","Y",5,0,1,0,0
"1093","http://hjkfdc.tinx.quest","Y",5,0,1,0,0
"1094","http://nbgdcv.oshr.casa","Y",5,0,1,0,0
"1095","http://hget.fgf.hfdsdwe","Y",5,0,1,0,0
"1096","http://fipz.spoan.beauty","Y",5,0,1,0,0
"1097","http://sssddfw.pwoi.skin","Y",5,0,1,0,0
"1098","http://bied5.fuopz.gay","Y",5,0,1,0,1
"1099","http://jfg3x.xuwo.casa","Y",5,0,1,0,1
"1100","http://serbt.rsikz.beauty","Y",5,0,1,0,0
"1101","bor.i6jg.cash","Y",2,0,0,0,1
"1102","http://ghsddc.msius.casa","Y",5,0,1,0,0
"1103","http://grdha.zisu.skin","Y",5,0,1,0,0
"1104","http://htvs32.pinb.hair","Y",5,0,1,0,2
"1105","http://han.gl/uUfLH","Y",5,0,1,0,0
"1106","http://t2m.kr/o7XdJ","Y",5,0,1,0,2
"1107","http://jdfs3.hdie.agency","Y",5,0,1,0,1
"1108","http://jvfex.oshr.casa","Y",5,0,1,0,0
"1109","http://fdgv.oiwx.casa","Y",5,0,1,0,0
"1110","http://jdx3.hdie.agency","Y",5,0,1,0,1
"1111","http://bit.ly/3tDCIEN","Y",5,0,1,0,1
"1112","http://han.gl/ewPMx","Y",5,0,1,0,0
"1113","http://3dgs.puth.agency","Y",5,0,1,0,1
"1114","http://htcc.oiwx.hair","Y",5,0,1,0,0
"1115","http://hdv.uasn.agency","Y",5,0,1,0,0
"1116","http://jvfex.oshr.casa","Y",5,0,1,0,0
"1117","http://n16.J0xt.black","Y",5,0,1,0,3
"1118","http://1dgrfx.oiwx.casa","Y",5,0,1,0,1
"1119","http://m11.zf9f.black","Y",5,0,1,0,3
"1120","http://ghfsdc.msius.casa","Y",5,0,1,0,0
"1121","http://jgdcv.soucv.casa","Y",5,0,1,0,0
"1122","http://hdv.uasn.agency","Y",5,0,1,0,0
"1123","http://3dgs.puth.agency","Y",5,0,1,0,1
"1124","http://gde.hdie.agency","Y",5,0,1,0,0
"1125","https://funding.do/RsYu","Y",5,0,1,0,0
"1126","http://vdfd2.hdie.agency","Y",5,0,1,0,1
"1127","http://ucsc.krsx.gay","Y",5,0,1,0,0
"1128","http://t2m.kr/o7XdJ","Y",5,0,1,0,2
"1129","http://jtfvb.puth.agency","Y",5,0,1,0,0
"1130","http://jhgdc.oshr.casa","Y",5,0,1,0,0
"1131","http://jfx246.hdie.agency","Y",5,0,1,0,3
"1132","http://jfdec.wicuz.casa","Y",5,0,1,0,0
"1133","http://htys3.oiwx.hair","Y",5,0,1,0,1
"1134","http://hget.usocn.casa","Y",5,0,1,0,0
"1135","http://hdv.uasn.agency","Y",5,0,1,0,0
"1136","http://grgt.nmeo.press","Y",5,0,1,0,0
"1137","http://ffhexc.oiwx.casa","Y",5,0,1,0,0
"1138","http://fddsdfw.pwoi.skin","Y",5,0,1,0,0
"1139","http://jtrdc3.hdie.agency","Y",5,0,1,0,1
"1140","http://fggd.oiwx.hair","Y",5,0,1,0,0
"1141","http://fdfddffg.bgsi.hair","Y",5,0,1,0,0
"1142","http://htvs32.pinb.hair","Y",5,0,1,0,2
"1143","http://jjjdsds.naor.beauty","Y",5,0,1,0,0
"1144","http://gdss3333.bgsi.hair","Y",5,0,1,0,4
"1145","http://kjggv.wogi.hair","Y",5,0,1,0,0
"1146","http://hjrcv.oshr.casa","Y",5,0,1,0,0
"1147","http://jhrx5.oiwx.hair","Y",5,0,1,0,1
"1148","http://kjvedx.oenm.website","Y",5,0,1,0,0
"1149","http://hjrcv.oshr.casa","Y",5,0,1,0,0
"1150","http://hdv.uasn.agency","Y",5,0,1,0,0
"1151","http://hget.usocn.casa","Y",5,0,1,0,0
"1152","http://jfdec.wicuz.casa","Y",5,0,1,0,0
"1153","ns.nhjx.fit","Y",2,0,0,0,0
"1154","http://nhfcc.oshr.casa","Y",5,0,1,0,0
"1155","http://jhrex.ontr.miami","Y",5,0,1,0,0
"1156","http://jtfvb.puth.agency","Y",5,0,1,0,0
"1157","http://jhrx5.oiwx.hair","Y",5,0,1,0,1
"1158","http://uye3.oiwx.hair","Y",5,0,1,0,1
"1159","http://fggd.oiwx.hair","Y",5,0,1,0,0
"1160","http://hjfd23.hdie.agency","Y",5,0,1,0,2
"1161","http://jtrdc3.hdie.agency","Y",5,0,1,0,1
"1162","http://htrc.oiwx.hair","Y",5,0,1,0,0
"1163","http://ht33.oiwx.hair","Y",5,0,1,0,2
"1164","http://s04.u9dw.black","Y",5,0,1,0,3
"1165","http://m12.ds2g.black","Y",5,0,1,0,3
"1166","http://jtcxcs.hdie.agency","Y",5,0,1,0,0
"1167","han.gl/jlBEr","Y",2,0,0,0,0
"1168","http://jumkb.rgxna.com","Y",5,0,1,0,0
"1169","http://n02.b2sq.black","Y",5,0,1,0,3
"1170","https://url.kr/a5zyfr","Y",5,0,1,0,1
"1171","http://b07.l6qy.black","Y",5,0,1,0,3
"1172","http://jhggf.onsr.quest","Y",5,0,1,0,0
"1173","https://bit.ly/kakao365nanum","Y",5,0,1,0,3
"1174","http://s28.u9dw.black","Y",5,0,1,0,3
"1175","me2.kr/yw4","Y",2,0,0,0,2
"1176","kr.pe/pRvqb","Y",2,0,0,0,0
"1177","http://a01.16qy.black","Y",5,0,1,0,4
"1178","http://uwrdb.uvzig.com","Y",5,0,1,0,0
"1179","http://jumkb.rgxna.com","Y",5,0,1,0,0
"1180","http://hhdx3.hdie.agency","Y",5,0,1,0,1
"1181","http://m02.xx2n.black","Y",5,0,1,0,3
"1182","http://hjftg.poen.hair","Y",5,0,1,0,0
"1183","http://jtcsax.oshr.casa","Y",5,0,1,0,0
"1184","https://han.gl/YTXND","Y",5,0,1,0,0
"1185","http://bit.ly/3B2ppCg","Y",5,0,1,0,2
"1186","http://uecte.hgyam.com","Y",5,0,1,0,0
"1187","http://mwpte.cpyrg.com","Y",5,0,1,0,0
"1188","http://114.44.201.149","Y",6,0,1,0,11
"1189","http://jyimx.bhsav.com","Y",5,0,1,0,0
"1190","http://s33.u9dw.black","Y",5,0,1,0,3
"1191","http://jrxw.uasn.agency","Y",5,0,1,0,0
"1192","http://jfdec.wicuz.casa","Y",5,0,1,0,0
"1193","http://hrvc2.oshr.casa","Y",5,0,1,0,1
"1194","http://gft.nmeo.press","Y",5,0,1,0,0
"1195","http://jgfeex.uwin.casa","Y",5,0,1,0,0
"1196","http://ocmwo.bhsav.com","Y",5,0,1,0,0
"1197","http://gqarc.cpyrg.com","Y",5,0,1,0,0
"1198","http://dyfye.bhsav.com","Y",5,0,1,0,0
"1199","http://fqvrd.cpyrg.com","Y",5,0,1,0,0
"1200","http://baswu.bhsav.com","Y",5,0,1,0,0
"1201","http://umlwm.cpyrg.com","Y",5,0,1,0,0
"1202","http://ffnsk.bhsav.com","Y",5,0,1,0,0
"1203","http://umlwm.cpyrg.com","Y",5,0,1,0,0
"1204","http://fqvrd.cpyrg.com","Y",5,0,1,0,0
"1205","http://b14.k2wt.black","Y",5,0,1,0,3
"1206","http://nn09.t8pk.black","Y",5,0,1,0,3
"1207","http://nb14.u3be.black","Y",5,0,1,0,3
"1208","dtowq.com/99","Y",2,0,0,0,2
"1209","http://a08.o24g.black","Y",5,0,1,0,4
"1210","http://ht33.oiwx.hair","Y",5,0,1,0,2
"1211","http://m13.cm8b.black","Y",5,0,1,0,3
"1212","http://hgtf3.poen.hair","Y",5,0,1,0,1
"1213","http://gffggd.ramps.men","Y",5,0,1,0,0
"1214","cc05.it6u.media","Y",2,0,0,0,3
"1215","http://hjfx3.hdie.agency","Y",5,0,1,0,1
"1216","http://jtfvb.puth.agency","Y",5,0,1,0,0
"1217","http://dfdfgsw.bgsi.hair","Y",5,0,1,0,0
"1218","http://oghfv.oshr.casa","Y",5,0,1,0,0
"1219","cy01.nu8w.love","Y",2,0,0,0,3
"1220","http://ecog2.flixt.bid","Y",5,0,1,0,1
"1221","ioan.arh7.site","Y",2,0,0,0,1
"1222","http://jtvsd.uenx.hair","Y",5,0,1,0,0
"1223","bit.ly/3DE6vml","Y",2,0,0,0,2
"1224","https://han.gl/AdzUr","Y",5,0,1,0,0
"1225","http://umlwm.cpyrg.com","Y",5,0,1,0,0
"1226","http://wyrif.bhsav.com","Y",5,0,1,0,0
"1227","http://ghfffd.pwoi.skin","Y",5,0,1,0,0
"1228","https://han.gl/fzWRn","Y",5,0,1,0,0
"1229","http://wyrif.bhsav.com","Y",5,0,1,0,0
"1230","http://n06.j0xt.black","Y",5,0,1,0,3
"1231","http://baswu.bhsav.com","Y",5,0,1,0,0
"1232","http://qfptd.cpyrg.com","Y",5,0,1,0,0
"1233","http://sx03.conz.black","Y",5,0,1,0,2
"1234","http://hdfdff.nwix.website","Y",5,0,1,0,0
"1235","http://tbopf.suzit.uno","Y",5,0,1,0,0
"1236","sm.msjlogistick.top","Y",2,0,0,0,0
"1237","http://fwzqn.bhsav.com","Y",5,0,1,0,0
"1238","http://mwpte.cpyrg.com","Y",5,0,1,0,0
"1239","http://by02.o9tl.black","Y",5,0,1,0,3
"1240","http://nodt9.uxemp.beauty","Y",5,0,1,0,1
"1241","sm.msjlogistick.top","Y",2,0,0,0,0
"1242","sm.msjlogistick.top","Y",2,0,0,0,0
"1243","http://jyimx.bhsav.com","Y",5,0,1,0,0
"1244","https://bit.ly/3U6KrWK","Y",5,0,1,0,2
"1245","http://dfgds.onwx.gay","Y",5,0,1,0,0
"1246","http://kufg3.xois.gay","Y",5,0,1,0,1
"1247","http://kjfve.moue.quest","Y",5,0,1,0,0
"1248","http://bndx3.moue.quest","Y",5,0,1,0,1
"1249","http://brxcx.ysbn.quest","Y",5,0,1,0,0
"1250","http://dsgw1.xois.gay","Y",5,0,1,0,1
"1251","http://fsad.onwx.gay","Y",5,0,1,0,0
"1252","http://gioc.uxemp.quest","Y",5,0,1,0,0
"1253","http://ht33.oiwx.hair","Y",5,0,1,0,2
"1254","http://htdcc.hsno.press","Y",5,0,1,0,0
"1255","http://jhfrcv.tinx.quest","Y",5,0,1,0,0
"1256","http://khrdx.oshr.casa","Y",5,0,1,0,0
"1257","http://n17.ft8f.black","Y",5,0,1,0,3
"1258","http://rdki1.uxemp.beauty","Y",5,0,1,0,1
"1259","http://rian5.yseno.beauty","Y",5,0,1,0,1
"1260","http://fwzqn.bhsav.com","Y",5,0,1,0,0
"1261","http://ykoi6.yseno.beauty","Y",5,0,1,0,1
"1262","http://hget.ghfdg.quest","Y",5,0,1,0,0
"1263","http://hfbe.ysbn.quest","Y",5,0,1,0,0
"1264","http://bgyr.uxemp.quest","Y",5,0,1,0,0
"1265","http://gay1.yseno.beauty","Y",5,0,1,0,1
"1266","http://dfgds.onwx.gay","Y",5,0,1,0,0
"1267","http://dsgw1.xois.gay","Y",5,0,1,0,1
"1268","http://hjgre.moue.quest","Y",5,0,1,0,0
"1269","https://vo.la/8Ttn1a","Y",5,0,1,0,2
"1270","http://pevsx.hgvce.com","Y",5,0,1,0,0
"1271","https://www.shsms.co.kr/down?id=177169&scrtky=WJOOB","Y",11,0,1,0,6
"1272","http://fsad.onwx.gay","Y",5,0,1,0,0
"1273","http://hgds3.moue.quest","Y",5,0,1,0,1
"1274","http://nb17.u3be.black","Y",5,0,1,0,3
"1275","http://nb30.p2hi.black","Y",5,0,1,0,3
"1276","http://nodt9.uxemp.beauty","Y",5,0,1,0,1
"1277","http://lkgvcv4.xois.gay","Y",5,0,1,0,1
"1278","http://cecz.ysbn.quest","Y",5,0,1,0,0
"1279","http://by09.w8sq.black","Y",5,0,1,0,3
"1280","http://sx18.09tl.black","Y",5,0,1,0,4
"1281","bit.ly/","Y",2,0,0,0,0
"1282","http://wyrif.bhsav.com","Y",5,0,1,0,0
"1283","http://jifch.cpyrg.com","Y",5,0,1,0,0
"1284","http://htdw2.xois.gay","Y",5,0,1,0,1
"1285","http://kjuhv3.moue.quest","Y",5,0,1,0,1
"1286","http://c24.xk5k.black","Y",5,0,1,0,3
"1287","http://y04.r2mg.black","Y",5,0,1,0,3
"1288","http://s04.vgl6.black","Y",5,0,1,0,3
"1289","http://t05.p5ky.black","Y",5,0,1,0,3
"1290","http://by04.w3km.black","Y",5,0,1,0,3
"1291","http://hget.usocn.casa","Y",5,0,1,0,0
"1292","http://jygb.xnhs.hair","Y",5,0,1,0,0
"1293","http://cb11.a8iy.black","Y",5,0,1,0,3
"1294","http://nb27.nx0q.black","Y",5,0,1,0,3
"1295","iozr.ys6d.media","Y",2,0,0,0,1
"1296","http://s05.mz3i.black","Y",5,0,1,0,3
"1297","ssby.rj5o.media","Y",2,0,0,0,1
"1298","http://sx14.o9tl.black","Y",5,0,1,0,3
"1299","http://ncsed.oenm.website","Y",5,0,1,0,0
"1300","http://plvny.bhsav.com","Y",5,0,1,0,0
"1301","http://huvhe.cpyrg.com","Y",5,0,1,0,0
"1302","ssx.t8tp.green","Y",2,0,0,0,1
"1303","http://jrxc.onwx.gay","Y",5,0,1,0,0
"1304","http://fggd.oiwx.hair","Y",5,0,1,0,0
"1305","http://kjfve.moue.quest","Y",5,0,1,0,0
"1306","http://ykoi6.yseno.beauty","Y",5,0,1,0,1
"1307","http://jkrc.oksn.miami","Y",5,0,1,0,0
"1308","me2.kr/aas1r","Y",2,0,0,0,2
"1309","http://hrvgy.cpyrg.com","Y",5,0,1,0,0
"1310","http://s09.vgl6.black","Y",5,0,1,0,3
"1311","http://b19.xk5k.black","Y",5,0,1,0,3
"1312","http://kpolc.hgvce.com","Y",5,0,1,0,0
"1313","http://c14.xk5k.black","Y",5,0,1,0,3
"1314","http://ghfdwe3.usocn.casa","Y",5,0,1,0,1
"1315","http://dsgw1.xois.gay","Y",5,0,1,0,1
"1316","http://rbtds.emlgy.quest","Y",5,0,1,0,0
"1317","http://m16.w3km.black","Y",5,0,1,0,3
"1318","http://kjuhv3.moue.quest","Y",5,0,1,0,1
"1319","ioxv.dn6t.cash","Y",2,0,0,0,1
"1320","http://nb03.o9tl.black","Y",5,0,1,0,3
"1321","http://qtdzd.cpyrg.com","Y",5,0,1,0,0
"1322","http://obzyj.bhsav.com","Y",5,0,1,0,0
"1323","http://tny.im/NGwhi","Y",5,0,1,0,0
"1324","http://b19.xk5k.black","Y",5,0,1,0,3
"1325","nnob.dn6t.cash","Y",2,0,0,0,1
"1326","http://1dgrfx.oiwx.casa","Y",5,0,1,0,1
"1327","http://tilz.smira.beauty","Y",5,0,1,0,0
"1328","http://dsgw1.xois.gay","Y",5,0,1,0,1
"1329","http://dmiox.layup.beauty","Y",5,0,1,0,0
"1330","http://xbdas.hsno.press","Y",5,0,1,0,0
"1331","http://kjvedx.oenm.website","Y",5,0,1,0,0
"1332","http://hget.usocn.casa","Y",5,0,1,0,0
"1333","bit.ly/3DE6vml","Y",2,0,0,0,2
"1334","http://mwpte.cpyrg.com","Y",5,0,1,0,0
"1335","http://qhsch.cpyrg.com","Y",5,0,1,0,0
"1336","http://ko.gl/yl5H","Y",5,0,1,0,1
"1337","http://lziks.layup.beauty","Y",5,0,1,0,0
"1338","http://udc.onwx.gay","Y",5,0,1,0,0
"1339","http://kjggv.wogi.hair","Y",5,0,1,0,0
"1340","http://jygb.xnhs.hair","Y",5,0,1,0,0
"1341","http://cb04.a8iy.black","Y",5,0,1,0,3
"1342","https://bdyer.zmgec.mobi/","Y",6,0,1,0,0
"1343","bit.ly/3sCclOD","Y",2,0,0,0,1
"1344","http://ffnsk.bhsav.com","Y",5,0,1,0,0
"1345","http://huvhe.cpyrg.com","Y",5,0,1,0,0
"1346","http://mfsdcv.newu.hair","Y",5,0,1,0,0
"1347","http://me2.kr/aas1r","Y",5,0,1,0,2
"1348","http://umlwm.cpyrg.com","Y",5,0,1,0,0
"1349","http://61.227.67.142/7k5kRMSmRx","Y",7,0,1,0,12
"1350","http://jfds3.moue.quest","Y",5,0,1,0,1
"1351","http://nb09.nx0q.black","Y",5,0,1,0,3
"1352","http://cb11.a8iy.balck","Y",5,0,1,0,3
"1353","http://lziks.layup.beauty","Y",5,0,1,0,0
"1354","http://jvfex.oshr.casa","Y",5,0,1,0,0
"1355","http://lio5.waiok.gay","Y",5,0,1,0,1
"1356","http://igcv23.hdie.agency","Y",5,0,1,0,2
"1357","http://grgt.nmeo.press","Y",5,0,1,0,0
"1358","http://obzyj.bhsav.com","Y",5,0,1,0,0
"1359","https://uy.asdsdk.top","Y",5,0,1,0,0
"1360","http://koie.lsnm.miami","Y",5,0,1,0,0
"1361","http://zsiov.ption.beauty","Y",5,0,1,0,0
"1362","http://jopx6.fuopz.gay","Y",5,0,1,0,1
"1363","http://hget.sivw.asia","Y",5,0,1,0,0
"1364","http://rtnjy.enwns.beauty","Y",5,0,1,0,0
"1365","http://hdfsf.wogi.hair","Y",5,0,1,0,0
"1366","http://ocmwo.bhsav.com","Y",5,0,1,0,0
"1367","http://ghedf.newu.hair","Y",5,0,1,0,0
"1368","https://han.gl/wmdkH","Y",5,0,1,0,0
"1369","http://lnqjj.rdbmq.com","Y",5,0,1,0,0
"1370","http://uvvs.onme.asia","Y",5,0,1,0,0
"1371","http://jfbb.cubes.asia","Y",5,0,1,0,0
"1372","http://hget.woiu.asia","Y",5,0,1,0,0
"1373","http://crjhi.enwns.beauty","Y",5,0,1,0,0
"1374","http://hget.sivw.asia","Y",5,0,1,0,0
"1375","http://iress.xbrz.skin","Y",5,0,1,0,0
"1376","http://jhtcvc.iwnx.skin","Y",5,0,1,0,0
"1377","http://hffrcecx.nsox.hair","Y",5,0,1,0,0
"1378","http://fdd3s.oinx.hair","Y",5,0,1,0,1
"1379","http://nb04.nx0q.black","Y",5,0,1,0,3
"1380","http://fwzqn.bhsav.com","Y",5,0,1,0,0
"1381","http://lfcb.osne.asia","Y",5,0,1,0,0
"1382","http://jkgfv.nwix.website","Y",5,0,1,0,0
"1383","http://hikoz.poney.ltd","Y",5,0,1,0,0
"1384","http://jcsqwz.iwnx.skin","Y",5,0,1,0,0
"1385","http://iress.xbrz.skin","Y",5,0,1,0,0
"1386","http://jhtcvc.iwnx.skin","Y",5,0,1,0,0
"1387","http://sexx.iwnx.skin","Y",5,0,1,0,0
"1388","http://htrex.xbrz.skin","Y",5,0,1,0,0
"1389","http://c016.rid1.pet","Y",5,0,1,0,4
"1390","http://uvvs.onme.asia","Y",5,0,1,0,0
"1391","http://hget.sivw.asia","Y",5,0,1,0,0
"1392","http://uuu4.oinx.hair","Y",5,0,1,0,1
"1393","http://fggd.oiwx.hair","Y",5,0,1,0,0
"1394","http://gilpz.okvnc.hair","Y",5,0,1,0,0
"1395","http://jhfgfc.nsox.hair","Y",5,0,1,0,0
"1396","http://hgbvd.sxue.hair","Y",5,0,1,0,0
"1397","http://hget.sivw.asia","Y",5,0,1,0,0
"1398","http://jxxzz.nsox.hair","Y",5,0,1,0,0
"1399","http://erex2.xbrz.skin","Y",5,0,1,0,1
"1400","http://fdd3s.oinx.hair","Y",5,0,1,0,1
"1401","http://hget.onme.asia","Y",5,0,1,0,0
"1402","http://hget.onme.asia","Y",5,0,1,0,0
"1403","uitfv.iwnx.skin","Y",2,0,0,0,0
"1404","jtyfdc.xbrz.skin","Y",2,0,0,0,0
"1405","http://uitfv.iwnx.skin","Y",5,0,1,0,0
"1406","http://iress.xbrz.skin","Y",5,0,1,0,0
"1407","http://hffrcecx.nsox.hair","Y",5,0,1,0,0
"1408","http://fssdfd3.svyw.hair","Y",5,0,1,0,1
"1409","http://ht33.oiwx.hair","Y",5,0,1,0,2
"1410","vaion.fnb4.media","Y",2,0,0,0,1
"1411","http://vxfe.znie.agency","Y",5,0,1,0,0
"1412","http://uoiza.layup.beauty","Y",5,0,1,0,0
"1413","http://jtdw.sugy.miami","Y",5,0,1,0,0
"1414","http://hfdwxc.pwoi.skin","Y",5,0,1,0,0
"1415","http://sjez.gskw.miami","Y",5,0,1,0,0
"1416","http://hgtvb.usnm.quest","Y",5,0,1,0,0
"1417","http://hrvgy.cpyrg.com","Y",5,0,1,0,0
"1418","http://n01.tc4l.buzz","Y",5,0,1,0,3
"1419","http://n13.tc4l.buzz","Y",5,0,1,0,3
"1420","http://s02.x8jh.buzz","Y",5,0,1,0,3
"1421","http://x12.k4zu.buzz","Y",5,0,1,0,3
"1422","http://jtyfdc.xbrz.skin","Y",5,0,1,0,0
"1423","http://x11.k4zu.buzz","Y",5,0,1,0,3
"1424","http://n09.w5hn.black","Y",5,0,1,0,3
"1425","http://n05.tc4l.buzz","Y",5,0,1,0,3
"1426","http://s16.x8jh.buzz","Y",5,0,1,0,3
"1427","http://x19.k4zu.buzz","Y",5,0,1,0,3
"1428","http://hrd4.ztex.miami","Y",5,0,1,0,1
"1429","http://hgfvcx.xbrz.skin","Y",5,0,1,0,0
"1430","http://fgdcv.xuwo.casa","Y",5,0,1,0,0
"1431","http://hfbe.ysbn.quest","Y",5,0,1,0,0
"1432","http://fgfv.soue.miami","Y",5,0,1,0,0
"1433","http://3dgs.puth.agency","Y",5,0,1,0,1
"1434","http://qepnk.bhsav.com","Y",5,0,1,0,0
"1435","http://qfptd.cpyrg.com","Y",5,0,1,0,0
"1436","bit.ly/3NXOv9V","Y",2,0,0,0,2
"1437","http://jfcvec.iwnx.skin","Y",5,0,1,0,0
"1438","http://vrzi8.lepxt.hair","Y",5,0,1,0,1
"1439","http://n14.tc4l.buzz","Y",5,0,1,0,3
"1440","kucoinuv.com","Y",1,0,0,0,0
"1441","http://cc07.dnf6.buzz","Y",5,0,1,0,3
"1442","http://y08.r2mg.black","Y",5,0,1,0,3
"1443","http://s07.vgl6.black","Y",5,0,1,0,3
"1444","http://gfcexc.hxnis.casa","Y",5,0,1,0,0
"1445","http://y02.v2te.black","Y",5,0,1,0,3
"1446","http://vtzq.hnztu.beauty","Y",5,0,1,0,0
"1447","http://h52s.poen.hair","Y",5,0,1,0,2
"1448","http://erex2.xbrz.skin","Y",5,0,1,0,1
"1449","http://fyn1.ztex.miami","Y",5,0,1,0,1
"1450","http://uvvs.onme.asia","Y",5,0,1,0,0
"1451","http://oidt6.hnztu.beauty","Y",5,0,1,0,1
"1452","http://jtyfdc.xbrz.skin","Y",5,0,1,0,0
"1453","http://oidt6.hnztu.beauty","Y",5,0,1,0,1
"1454","http://bit.ly/3OjdJhz","Y",5,0,1,0,1
"1455","http://htys3.oiwx.hair","Y",5,0,1,0,1
"1456","http://khjtfg.ung.gen.in","Y",6,0,1,0,0
"1457","http://yfmuc.emlgy.quest","Y",5,0,1,0,0
"1458","http://nat1.retbz.website","Y",5,0,1,0,1
"1459","http://m06.k8ny.buzz","Y",5,0,1,0,3
"1460","http://c23.em4d.buzz","Y",5,0,1,0,3
"1461","http://fdtr.mztrs.hair","Y",5,0,1,0,0
"1462","http://t2m.kr/fCQUf","Y",5,0,1,0,1
"1463","http://oidt6.hnztu.beauty","Y",5,0,1,0,1
"1464","http://n04.k8ny.buzz","Y",5,0,1,0,3
"1465","http://jifch.cpyrg.com","Y",5,0,1,0,0
"1466","http://govk.kro.kr","Y",5,0,1,0,0
"1467","http://eani.mztrs.hair","Y",5,0,1,0,0
"1468","http://ghfe.smrx.hair","Y",5,0,1,0,0
"1469","http://cefr.unex.hair","Y",5,0,1,0,0
"1470","http://hhdf.eiux.hair","Y",5,0,1,0,0
"1471","http://m07.fn3p.win","Y",5,0,1,0,3
"1472","http://dvrx.pkioz.hair","Y",5,0,1,0,0
"1473","http://n12.nbu3.us","Y",5,0,1,0,3
"1474","http://m08.em4d.buzz","Y",5,0,1,0,3
"1475","http://mict6.olpew.beauty","Y",5,0,1,0,1
"1476","http://ston.dgef.miami","Y",5,0,1,0,0
"1477","http://os06.ux2l.black","Y",5,0,1,0,3
"1478","http://jcsqwz.iwnx.skin","Y",5,0,1,0,0
"1479","http://cefr.unex.hair","Y",5,0,1,0,0
"1480","http://hfdec.smrx.hair","Y",5,0,1,0,0
"1481","http://n13.nbu3.us","Y",5,0,1,0,3
"1482","http://rglo2.pkioz.hair","Y",5,0,1,0,1
"1483","http://han.gl/FXWWH","Y",5,0,1,0,0
"1484","http://gfwsc.smrx.hair","Y",5,0,1,0,0
"1485","ccs.io3v.media","Y",2,0,0,0,1
"1486","http://ghfe.smrx.hair","Y",5,0,1,0,0
"1487","http://sy08.x8jh.buzz","Y",5,0,1,0,3
"1488","http://imnc.townr.kr","Y",5,0,1,0,0
"1489","http://gdss3333.bgsi.hair","Y",5,0,1,0,4
"1490","http://giox.wguio.gay","Y",5,0,1,0,0
"1491","http://cet1.unex.hair","Y",5,0,1,0,1
"1492","http://iress.xbrz.skin","Y",5,0,1,0,0
"1493","https://bit.ly/3QpZids","Y",5,0,1,0,1
"1494","https://han.gl/RXsPQ","Y",5,0,1,0,0
"1495","http://cgrbz.cpyrg.com","Y",5,0,1,0,0
"1496","http://tfgss.zuex.hair","Y",5,0,1,0,0
"1497","http://hrd3.wovu4.hair","Y",5,0,1,0,2
"1498","http://sy18.fpr4.eu","Y",5,0,1,0,3
"1499","http://b06.rm0e.us","Y",5,0,1,0,3
"1500","http://n18.dz6i.eu","Y",5,0,1,0,3
"1501","http://ghfdwe3.usocn.casa","Y",5,0,1,0,1
"1502","http://x14.k4zu.buzz","Y",5,0,1,0,3
"1503","http://fipz.spoan.beauty","Y",5,0,1,0,0
"1504","http://gdg2.onts.hair","Y",5,0,1,0,1
"1505","http://b05.v2te.black","Y",5,0,1,0,3
"1506","http://y02.r2mg.black","Y",5,0,1,0,3
"1507","http://ghfe.smrx.hair","Y",5,0,1,0,0
"1508","http://gjrex.sorw.quest","Y",5,0,1,0,0
"1509","http://c05.k8ny.buzz","Y",5,0,1,0,3
"1510","http://cn02.f4bg.blog","Y",5,0,1,0,3
"1511","http://b14.gaw2.eu","Y",5,0,1,0,3
"1512","http://ny19.ml4t.eu","Y",5,0,1,0,3
"1513","http://by23.ghh0.eu","Y",5,0,1,0,3
"1514","http://gdscd.mskr.hair","Y",5,0,1,0,0
"1515","http://gfdsfs.hsnr.hair","Y",5,0,1,0,0
"1516","http://hrxc.woui.hair","Y",5,0,1,0,0
"1517","http://gdcv.ssao.hair","Y",5,0,1,0,0
"1518","http://jhfgx.modu.hair","Y",5,0,1,0,0
"1519","http://hfcx.usnv.hair","Y",5,0,1,0,0
"1520","http://gdcg.nsio.hair","Y",5,0,1,0,0
"1521","http://grc.hnu5.hair","Y",5,0,1,0,1
"1522","http://hgv4.run6.hair","Y",5,0,1,0,2
"1523","http://ghfde.zbcu.hair","Y",5,0,1,0,0
"1524","http://red2d.onas2.hair","Y",5,0,1,0,2
"1525","http://hgdc.wovu4.hair","Y",5,0,1,0,1
"1526","http://gddvw.ztos.hair","Y",5,0,1,0,0
"1527","http://gdvd.usnk1.hair","Y",5,0,1,0,1
"1528","http://derds.gzms.hair","Y",5,0,1,0,0
"1529","http://htdcv.ztus.hair","Y",5,0,1,0,0
"1530","http://yfecv.zuex.hair","Y",5,0,1,0,0
"1531","http://ytrvs.ponm3.hair","Y",5,0,1,0,1
"1532","http://jfsdx.xsoc.hair","Y",5,0,1,0,0
"1533","http://jgr.nhu7.hair","Y",5,0,1,0,1
"1534","http://gex.sun8.hair","Y",5,0,1,0,1
"1535","http://bcvsx.yowx.hair","Y",5,0,1,0,0
"1536","http://drozj.cpyrg.com","Y",5,0,1,0,0
"1537","http://bfcs.yowx.hair","Y",5,0,1,0,0
"1538","http://gfde2.onas2.hair","Y",5,0,1,0,2
"1539","http://ghtc32.ponm3.hair","Y",5,0,1,0,3
"1540","http://gr3dq.usnk1.hair","Y",5,0,1,0,2
"1541","http://hfgw.nhu7.hair","Y",5,0,1,0,1
"1542","http://htyf2x.wovu4.hair","Y",5,0,1,0,2
"1543","http://ku5r.hnu5.hair","Y",5,0,1,0,2
"1544","http://yfecv.zuex.hair","Y",5,0,1,0,0
"1545","http://hfcx.usnv.hair","Y",5,0,1,0,0
"1546","http://jhfcv.nsio.hair","Y",5,0,1,0,0
"1547","http://hgdcv.onme.asia","Y",5,0,1,0,0
"1548","http://jkrc.oksn.miami","Y",5,0,1,0,0
"1549","http://jhfcv.nsio.hair","Y",5,0,1,0,0
"1550","http://fecv.xsoc.hair","Y",5,0,1,0,0
"1551","http://jgdex.yowx.hair","Y",5,0,1,0,0
"1552","http://ghfde.zbcu.hair","Y",5,0,1,0,0
"1553","http://htdcv.ztus.hair","Y",5,0,1,0,0
"1554","http://hgsd.zuex.hair","Y",5,0,1,0,0
"1555","http://ghe23.ponm3.hair","Y",5,0,1,0,3
"1556","http://gr3dq.usnk1.hair","Y",5,0,1,0,2
"1557","http://d3d3c.wovu4.hair","Y",5,0,1,0,3
"1558","http://jgr.nhu7.hair","Y",5,0,1,0,1
"1559","http://ku5r.hnu5.hair","Y",5,0,1,0,2
"1560","http://bfcs.yowx.hair","Y",5,0,1,0,0
"1561","http://gr3dq.usnk1.hair","Y",5,0,1,0,2
"1562","http://gex.sun8.hair","Y",5,0,1,0,1
"1563","http://hgrcex.zuex.hair","Y",5,0,1,0,0
"1564","http://ufsc.xnod.hair","Y",5,0,1,0,0
"1565","http://uycv.xvys.hair","Y",5,0,1,0,0
"1566","http://ht42s.usoc.hair","Y",5,0,1,0,2
"1567","http://rfsf2.uisn.hair","Y",5,0,1,0,1
"1568","http://t5sghs.ztis.casa","Y",5,0,1,0,1
"1569","jffcv.nsio.hair","Y",2,0,0,0,0
"1570","http://iyuyfg3.sous.hair","Y",5,0,1,0,1
"1571","http://73gh.shoc.hair","Y",5,0,1,0,2
"1572","http://g37sc.guso.hair","Y",5,0,1,0,2
"1573","http://gdddbv.ounc.casa","Y",5,0,1,0,0
"1574","http://ytrd3.oshc.beauty","Y",5,0,1,0,1
"1575","http://hgrcex.zuex.hair","Y",5,0,1,0,0
"1576","http://hhdf.eiux.hair","Y",5,0,1,0,0
"1577","http://gfwsc.smrx.hair","Y",5,0,1,0,0
"1578","http://gcbec.unex.hair","Y",5,0,1,0,0
"1579","http://gdg2.onts.hair","Y",5,0,1,0,1
"1580","http://hyfc.sun8.hair","Y",5,0,1,0,1
"1581","http://ku5r.hnu5.hair","Y",5,0,1,0,2
"1582","http://8gsc.ztus.hair","Y",5,0,1,0,1
"1583","http://ghjrx.zbcu.hair","Y",5,0,1,0,0
"1584","http://hgv4.run6.hair","Y",5,0,1,0,2
"1585","http://d3d3c.wovu4.hair","Y",5,0,1,0,3
"1586","http://b05.gaw2.eu","Y",5,0,1,0,3
"1587","http://gt4a.nhu7.hair","Y",5,0,1,0,2
"1588","http://hgrt32.onas2.hair","Y",5,0,1,0,3
"1589","http://ghe23.ponm3.hair","Y",5,0,1,0,3
"1590","http://jhrdcv.xsoc.hair","Y",5,0,1,0,0
"1591","http://8fdcs.ztos.hair","Y",5,0,1,0,1
"1592","http://s18.x8jh.buzz","Y",5,0,1,0,3
"1593","http://htd3.usnk1.hair","Y",5,0,1,0,2
"1594","http://uyc5.xvys.hair","Y",5,0,1,0,1
"1595","http://hfe3.xnod.hair","Y",5,0,1,0,1
"1596","http://jhgcv.usoc.hair","Y",5,0,1,0,0
"1597","http://jyr381.sous.hair","Y",5,0,1,0,3
"1598","http://gs25s.uisn.hair","Y",5,0,1,0,2
"1599","http://jgdex.yowx.hair","Y",5,0,1,0,0
"1600","http://hrxc.woui.hair","Y",5,0,1,0,0
"1601","http://hgex.esio.ltd","Y",5,0,1,0,0
"1602","http://hgsd.zues.hair","Y",5,0,1,0,0
"1603","http://gdsv.ssao.hair","Y",5,0,1,0,0
"1604","http://gfdsts.hsnr.hair","Y",5,0,1,0,0
"1605","http://gdcg.nsio.hair","Y",5,0,1,0,0
"1606","http://jgr.nhu7.hair","Y",5,0,1,0,1
"1607","http://g7s.ztus.hair","Y",5,0,1,0,1
"1608","http://htf34.wovu4.hair","Y",5,0,1,0,3
"1609","http://ku5r.hnu5.hair","Y",5,0,1,0,2
"1610","http://jhfcv.nsio.hair","Y",5,0,1,0,0
"1611","http://tfgss.zuex.hair","Y",5,0,1,0,0
"1612","http://ghtc32.ponm3.hair","Y",5,0,1,0,3
"1613","http://hgfc.run6.hair","Y",5,0,1,0,1
"1614","http://ukycx.ztos.hair","Y",5,0,1,0,0
"1615","http://yex3.sun8.hair","Y",5,0,1,0,2
"1616","http://ghrv.gzms.hair","Y",5,0,1,0,0
"1617","http://g3xf.usnk1.hair","Y",5,0,1,0,2
"1618","http://n11.dz6i.eu","Y",5,0,1,0,3
"1619","http://gfdsfs.hsnr.hair","Y",5,0,1,0,0
"1620","http://ghrv.gzms.hair","Y",5,0,1,0,0
"1621","http://ikop.jdtr.beauty","Y",5,0,1,0,0
"1622","http://usdv.xnod.hair","Y",5,0,1,0,0
"1623","http://gdbe.xvys.hair","Y",5,0,1,0,0
"1624","http://hgex.esio.ltd","Y",5,0,1,0,0
"1625","http://yt39.ouck.asia","Y",5,0,1,0,2
"1626","http://yt39.ouck.asia","Y",5,0,1,0,2
"1627","http://yt39.ouck.asia","Y",5,0,1,0,2
"1628","http://fwzqn.bhsav.com","Y",5,0,1,0,0
"1629","jhfcv.nsio.hair","Y",2,0,0,0,0
"1630","http://usdv.xnod.hair","Y",5,0,1,0,0
"1631","http://gdbe.xvys.hair","Y",5,0,1,0,0
"1632","http://jhfcv.nsio.hair","Y",5,0,1,0,0
"1633","http://usdv.xnod.hair","Y",5,0,1,0,0
"1634","http://gdbe.xvys.hair","Y",5,0,1,0,0
"1635","http://gft.ztex.fsdd","Y",5,0,1,0,0
"1636","http://gfdg.oeoil.gdf","Y",5,0,1,0,0
"1637","http://yt39.ouck.asia","Y",5,0,1,0,2
"1638","http://yt39.ouck.asia","Y",5,0,1,0,2
"1639","bit.ly/3gdaeOB","Y",2,0,0,0,1
"1640","http://jyhf31.xvys.hair","Y",5,0,1,0,2
"1641","http://bit.ly/3QczYri","Y",5,0,1,0,1
"1642","http://hddce2.xmue.hair","Y",5,0,1,0,1
"1643","http://uvvs.onme.asia","Y",5,0,1,0,0
"1644","http://ikop.usoc.hair","Y",5,0,1,0,0
"1645","http://gt4a.nhu7.hair","Y",5,0,1,0,2
"1646","http://hrd3.wovu4.hair","Y",5,0,1,0,2
"1647","http://jhfgx.modu.hair","Y",5,0,1,0,0
"1648","http://jyve.sun8.hair","Y",5,0,1,0,1
"1649","http://TRgf.ptks.hair","Y",5,0,1,0,0
"1650","http://jku5.iadk.hair","Y",5,0,1,0,1
"1651","http://jkhf.nhu7.hair","Y",5,0,1,0,1
"1652","http://hrtd3.guso.hair","Y",5,0,1,0,1
"1653","http://h6y4.fsth.hair","Y",5,0,1,0,2
"1654","http://gfde2.onas2.hair","Y",5,0,1,0,2
"1655","http://kgve.run6.hair","Y",5,0,1,0,1
"1656","http://gdvd.usnk1.hair","Y",5,0,1,0,1
"1657","http://8jsda.zbcu.hair","Y",5,0,1,0,1
"1658","http://hde2.osso.beauty","Y",5,0,1,0,1
"1659","http://ytrd3.oshc.beauty","Y",5,0,1,0,1
"1660","http://b02.gaw2.eu","Y",5,0,1,0,3
"1661","http://h4rxa.cksy.hair","Y",5,0,1,0,1
"1662","http://gsdve.euox.hair","Y",5,0,1,0,0
"1663","http://yfecv.zuex.hair","Y",5,0,1,0,0
"1664","http://gdvxs.xsoc.hair","Y",5,0,1,0,0
"1665","http://dcvx.xvys.hair","Y",5,0,1,0,0
"1666","http://nb14.bfz7.blog","Y",5,0,1,0,3
"1667","http://hrtd3.guso.hair","Y",5,0,1,0,1
"1668","http://hgy31.nhu7.hair","Y",5,0,1,0,3
"1669","http://jydv3.hsnu.miami","Y",5,0,1,0,1
"1670","http://ghtc32.ponm3.hair","Y",5,0,1,0,3
"1671","http://yt39.ouck.asia","Y",5,0,1,0,2
"1672","https://bit.ly/3hxuz1o","Y",5,0,1,0,2
"1673","bit.ly/3gdaeOB","Y",2,0,0,0,1
"1674","http://han.gl/vrBsK","Y",5,0,1,0,0
"1675","http://bit.ly/3IZCSwB","Y",5,0,1,0,1
"1676","http://ghfde.zbcu.hair","Y",5,0,1,0,0
"1677","http://on07.ghh0.eu","Y",5,0,1,0,3
"1678","http://gftedwx.ounc.casa","Y",5,0,1,0,0
"1679","http://hfe3.xnod.hair","Y",5,0,1,0,1
"1680","http://ofad.nshi.miami","Y",5,0,1,0,0
"1681","http://hfgw.nhu7.hair","Y",5,0,1,0,1
"1682","http://hgffe2.nduk.casa","Y",5,0,1,0,1
"1683","http://fdsd3.ponm3.hair","Y",5,0,1,0,2
"1684","http://jgdex.yowx.hair","Y",5,0,1,0,0
"1685","http://jtyrx.uenx.hair","Y",5,0,1,0,0
"1686","http://hrt31.ptks.hair","Y",5,0,1,0,2
"1687","http://hjgg.run6.hair","Y",5,0,1,0,1
"1688","http://cdty.hnztu.beauty","Y",5,0,1,0,0
"1689","http://ukycx.ztos.hair","Y",5,0,1,0,0
"1690","http://gex.sun8.hair","Y",5,0,1,0,1
"1691","http://mo382.sous.hair","Y",5,0,1,0,3
"1692","http://y16.r2mg.black","Y",5,0,1,0,3
"1693","http://hrtd3.guso.hair","Y",5,0,1,0,1
"1694","http://jhgdg.ung.gen.in","Y",6,0,1,0,0
"1695","http://he2.osso.beauty","Y",5,0,1,0,1
"1696","http://opb72.twkx.asia","Y",5,0,1,0,2
"1697","http://jhrx5.oiwx.hair","Y",5,0,1,0,1
"1698","http://73gh.shoc.hair","Y",5,0,1,0,2
"1699","http://t5sghs.ztis.casa","Y",5,0,1,0,1
"1700","http://ikop.jdtr.beauty","Y",5,0,1,0,0
"1701","http://bvvex.sxue.hair","Y",5,0,1,0,0
"1702","http://53sf.sous.hair","Y",5,0,1,0,2
"1703","https://creazilla.com/ko/nodes/47558-clipart","Y",8,0,1,1,5
"1704","http://jhrdcv.xsoc.hair","Y",5,0,1,0,0
"1705","https://bit.ly/3UH5qQP","Y",5,0,1,0,2
"1706","https://han.gl/kIgIM","Y",5,0,1,0,0
"1707","http://unx1.msoe.hair","Y",5,0,1,0,1
"1708","http://jydsqz.oshr.casa","Y",5,0,1,0,0
"1709","http://b14.gaw2.eu","Y",5,0,1,0,3
"1710","http://jhfcv.nsio.hair","Y",5,0,1,0,0
"1711","http://yfecv.zuex.hair","Y",5,0,1,0,0
"1712","http://8gsc.ztus.hair","Y",5,0,1,0,1
"1713","http://gddvw.ztos.hair","Y",5,0,1,0,0
"1714","http://fgddf.gzms.hair","Y",5,0,1,0,0
"1715","http://g3xf.usnk1.hair","Y",5,0,1,0,2
"1716","http://hgdc.wovu4.hair","Y",5,0,1,0,1
"1717","http://gftedwx.ounc.casa","Y",5,0,1,0,0
"1718","http://tdcezc.nduk.casa","Y",5,0,1,0,0
"1719","http://gfffche.xybk.casa","Y",5,0,1,0,0
"1720","http://opb72.twkx.asia","Y",5,0,1,0,2
"1721","http://trcs.sous.hair","Y",5,0,1,0,0
"1722","http://hrt31.ptks.hair","Y",5,0,1,0,2
"1723","http://urd24.xnod.hair","Y",5,0,1,0,2
"1724","http://uyds.cksy.hair","Y",5,0,1,0,0
"1725","http://jtyrx.uenx.hair","Y",5,0,1,0,0
"1726","http://4dca.ztos.hair","Y",5,0,1,0,1
"1727","http://hgx.sun8.hair","Y",5,0,1,0,1
"1728","http://vrzi8.lepxt.hair","Y",5,0,1,0,1
"1729","http://ytrd3.sous.hair","Y",5,0,1,0,1
"1730","http://uitfv.iwnx.skin","Y",5,0,1,0,0
"1731","http://ghjrx.zbcu.hair","Y",5,0,1,0,0
"1732","http://hde2.osso.beauty","Y",5,0,1,0,1
"1733","http://hdvec.oshr.casa","Y",5,0,1,0,0
"1734","http://htf34.wovu4.hair","Y",5,0,1,0,3
"1735","http://ikop.usoc.hair","Y",5,0,1,0,0
"1736","http://h4rxa.cksy.hair","Y",5,0,1,0,1
"1737","http://gfde2.onas2.hair","Y",5,0,1,0,2
"1738","http://b03.rm0e.us","Y",5,0,1,0,3
"1739","http://sloiz.uisn.hair","Y",5,0,1,0,0
"1740","http://jhfgx.modu.hair","Y",5,0,1,0,0
"1741","http://jkrc.oksn.miami","Y",5,0,1,0,0
"1742","http://fggd.oiwx.hair/","Y",6,0,1,0,0
"1743","http://jyve.sun8.hair","Y",5,0,1,0,1
"1744","http://hgfvwe.pinb.hair","Y",5,0,1,0,0
"1745","http://jexgr.xnud.uno","Y",5,0,1,0,0
"1746","http://grc.hnu5.hair","Y",5,0,1,0,1
"1747","http://jhgcv.usoc.hair","Y",5,0,1,0,0
"1748","http://jtgv.sun8.hair","Y",5,0,1,0,1
"1749","http://hfcx.usnv.hair","Y",5,0,1,0,0
"1750","https://bit.ly/3MAuV2v","Y",5,0,1,0,2
"1751","http://wyrif.bhsav.com","Y",5,0,1,0,0
"1752","http://hgyre32.ztis.casa","Y",5,0,1,0,2
"1753","http://s32.u9dw.black","Y",5,0,1,0,3
"1754","http://jtgv.sun8.hair","Y",5,0,1,0,1
"1755","http://nb25.nx0q.black","Y",5,0,1,0,3
"1756","http://oidt6.hnztu.beauty","Y",5,0,1,0,1
"1757","http://gdg2.onts.hair","Y",5,0,1,0,1
"1758","http://jyr381.sous.hair","Y",5,0,1,0,3
"1759","http://hrd3.wovu4.hair","Y",5,0,1,0,2
"1760","http://8fdcs.ztos.hair","Y",5,0,1,0,1
"1761","http://oxhzq.bhsav.com","Y",5,0,1,0,0
"1762","http://oxhzq.bhsav.com","Y",5,0,1,0,0
"1763","http://fpgge.emdvv.com","Y",5,0,1,0,0
"1764","http://g3xf.usnk1.hair","Y",5,0,1,0,2
"1765","http://53sf.sous.hair","Y",5,0,1,0,2
"1766","http://gdcv.ssao.hair","Y",5,0,1,0,0
"1767","http://gdddbv.ounc.casa","Y",5,0,1,0,0
"1768","http://mo382.sous.hair","Y",5,0,1,0,3
"1769","https://han.gl/MIySt","Y",5,0,1,0,0
"1770","http://sdfgd.modu.hair","Y",5,0,1,0,0
"1771","http://trcs.sous.hair","Y",5,0,1,0,0
"1772","http://derds.gzms.hair","Y",5,0,1,0,0
"1773","bis.won9.city","Y",2,0,0,0,1
"1774","http://hfrv.xybu.hair","Y",5,0,1,0,0
"1775","http://kiolz.tbio.agency","Y",5,0,1,0,0
"1776","http://hfve.wuny.casa","Y",5,0,1,0,0
"1777","http://ghsw2.lmwe.press","Y",5,0,1,0,1
"1778","http://hfrv.xybu.hair","Y",5,0,1,0,0
"1779","http://hgrc.xsoc.hair","Y",5,0,1,0,0
"1780","http://noicz.pdai.hair","Y",5,0,1,0,0
"1781","http://gex.sun8.hair","Y",5,0,1,0,1
"1782","http://noicz.pdai.hair","Y",5,0,1,0,0
"1783","http://kiolz.tbio.agency","Y",5,0,1,0,0
"1784","http://hjtccb.wuny.casa","Y",5,0,1,0,0
"1785","http://nociz.pdai.hair","Y",5,0,1,0,0
"1786","http://hjtccb.wuny.casa","Y",5,0,1,0,0
"1787","http://unetx.bit7.ink","Y",5,0,1,0,1
"1788","http://hjdc.nus7.miami","Y",5,0,1,0,1
"1789","http://htyrc.bit7.uno","Y",5,0,1,0,1
"1790","http://gtcs.nus7.miami","Y",5,0,1,0,1
"1791","http://tuc.bit7.ink","Y",5,0,1,0,1
"1792","https://nanourl.org/dRn","Y",5,0,1,0,0
"1793","http://odi.bit7.ink","Y",5,0,1,0,1
"1794","http://unetx.bit7.ink","Y",5,0,1,0,1
"1795","http://hjdc.nus7.miami","Y",5,0,1,0,1
"1796","http://htyrc.bit7.uno","Y",5,0,1,0,1
"1797","https://nuestro.link/wA","Y",5,0,1,0,0
"1798","http://jggtc.zvowu.art","Y",5,0,1,0,0
"1799","https://nanourl.org/fQs","Y",5,0,1,0,0
"1800","https://nuestro.link/ta","Y",5,0,1,0,0
"1801","http://brtz.erox.agency","Y",5,0,1,0,0
"1802","http://hfve.wuny.casa","Y",5,0,1,0,0
"1803","https://nuestro.link/ta","Y",5,0,1,0,0
"1804","https://nanourl.org/fQs","Y",5,0,1,0,0
"1805","http://hgr5x.wuny.casa","Y",5,0,1,0,1
"1806","http://noicz.pdai.hair","Y",5,0,1,0,0
"1807","http://bfzsw.nksh.beauty","Y",5,0,1,0,0
"1808","http://brtz.erox.agency","Y",5,0,1,0,0
"1809","http://hrec.wunrx.quest","Y",5,0,1,0,0
"1810","http://uotxz.emin.skin","Y",5,0,1,0,0
"1811","http://htcx.dnvi.today","Y",5,0,1,0,0
"1812","http://rvkoi.sxou.shop","Y",5,0,1,0,0
"1813","http://odi.bit7.ink","Y",5,0,1,0,1
"1814","http://hjdc.nus7.miami","Y",5,0,1,0,1
"1815","http://dklo.gwer.ltd","Y",5,0,1,0,0
"1816","http://hgbvd.sxue.hair","Y",5,0,1,0,0
"1817","http://kiolz.tbio.agency","Y",5,0,1,0,0
"1818","http://htyrc.bit7.uno","Y",5,0,1,0,1
"1819","http://uldrt.nkdt.hair","Y",5,0,1,0,0
"1820","http://hrc.wtbj.hair","Y",5,0,1,0,0
"1821","https://ko.gl/DLAGt","Y",5,0,1,0,0
"1822","http://t2m.kr/zobhz","Y",5,0,1,0,1
"1823","http://4fgz.ondue.press","Y",5,0,1,0,1
"1824","http://jggtc.zvowu.art","Y",5,0,1,0,0
"1825","http://t2m.kr/FjKHS","Y",5,0,1,0,1
"1826","http://xdiop.zaio.ltd","Y",5,0,1,0,0
"1827","https://nanourl.org/rML","Y",5,0,1,0,0
"1828","https://plush.link/yX","Y",5,0,1,0,0
"1829","https://nanourl.org/QS5","Y",5,0,1,0,1
"1830","https://plush.link/Hx","Y",5,0,1,0,0
"1831","https://nanourl.org/GfJ","Y",5,0,1,0,0
"1832","https://nanourl.org/k5z","Y",5,0,1,0,1
"1833","https://nanourl.org/rtD","Y",5,0,1,0,0
"1834","https://nanourl.org/4pP","Y",5,0,1,0,1
"1835","https://nanourl.org/Oss","Y",5,0,1,0,0
"1836","https://nanourl.org/j3g","Y",5,0,1,0,1
"1837","http://gdds2.onas2.hair","Y",5,0,1,0,2
"1838","http://jhrx5.oiwx.hair","Y",5,0,1,0,1
"1839","https://nanourl.org/dRn","Y",5,0,1,0,0
"1840","https://nanourl.org/fQs","Y",5,0,1,0,0
"1841","https://nuestro.link/iy","Y",5,0,1,0,0
"1842","https://nuestro.link/wA","Y",5,0,1,0,0
"1843","https://nuestro.link/28","Y",5,0,1,0,2
"1844","https://nuestro.link/ta","Y",5,0,1,0,0
"1845","http://jtc.uskb.casa","Y",5,0,1,0,0
"1846","http://53sf.sous.hair","Y",5,0,1,0,2
"1847","http://TRgf.ptks.hair","Y",5,0,1,0,0
"1848","http://gr3dq.usnk1.hair","Y",5,0,1,0,2
"1849","http://bfzsw.nksh.beauty","Y",5,0,1,0,0
"1850","http://hgfv.erox.agency","Y",5,0,1,0,0
"1851","http://itaf.lmve.press","Y",5,0,1,0,0
"1852","www.tonginexp.com","Y",2,0,0,0,0
"1853","http://ghrv.gzms.hair","Y",5,0,1,0,0
"1854","http://ghfd2xx.sxue.hair","Y",5,0,1,0,1
"1855","http://jyr381.sous.hair","Y",5,0,1,0,3
"1856","http://baswu.bhsav.com","Y",5,0,1,0,0
"1857","http://bvsx.nksh.beauty","Y",5,0,1,0,0
"1858","http://ncsz.erox.agency","Y",5,0,1,0,0
"1859","http://hrec.wunrx.quest","Y",5,0,1,0,0
"1860","http://uldrt.nkdt.hair","Y",5,0,1,0,0
"1861","http://htcx.dnvi.today","Y",5,0,1,0,0
"1862","http://rvkoi.sxou.shop","Y",5,0,1,0,0
"1863","http://jggtc.zvowu.art","Y",5,0,1,0,0
"1864","http://4fgz.ondue.press","Y",5,0,1,0,1
"1865","https://nanourl.org/rML","Y",5,0,1,0,0
"1866","https://nanourl.org/QS5","Y",5,0,1,0,1
"1867","https://nanourl.org/GfJ","Y",5,0,1,0,0
"1868","https://nanourl.org/j3g","Y",5,0,1,0,1
"1869","https://nanourl.org/4pP","Y",5,0,1,0,1
"1870","https://anourl.org/fq","Y",5,0,1,0,0
"1871","http://km.cjthemasj.com/p4bp1m","Y",6,0,1,0,2
"1872","https://bit.ly/3V2vnu3","Y",5,0,1,0,3
"1873","http://tk.smartsma.cn","Y",5,0,1,0,0
"1874","http://bit.ly/3PxBJOX","Y",5,0,1,0,1
"1875","https://han.gl/acFYy","Y",5,0,1,0,0
"1876","https://nuestro.link/iy","Y",5,0,1,0,0
"1877","http://8ghd.wunrx.quest","Y",5,0,1,0,1
"1878","http://tuc.bit7.ink","Y",5,0,1,0,1
"1879","http://gtcs.nus7.miami","Y",5,0,1,0,1
"1880","http://mdax.wunrx.quest","Y",5,0,1,0,0
"1881","http://brtz.erox.agency","Y",5,0,1,0,0
"1882","http://bvsx.nksh.beauty","Y",5,0,1,0,0
"1883","http://buly.kr/8paqZHE","Y",5,0,1,0,1
"1884","http://rvkoi.sxou.shop","Y",5,0,1,0,0
"1885","http://jggtc.zvowu.art","Y",5,0,1,0,0
"1886","https://nanourl.org/GfJ","Y",5,0,1,0,0
"1887","https://plush.link/yX","Y",5,0,1,0,0
"1888","http://4fgz.ondue.press","Y",5,0,1,0,1
"1889","http://jggtc.zvowu.art","Y",5,0,1,0,0
"1890","http://7ydb.wunrx.quest","Y",5,0,1,0,1
"1891","https://nuestro.link/ta","Y",5,0,1,0,0
"1892","http://htyrc.bit7.uno","Y",5,0,1,0,1
"1893","http://odi.bit7.ink","Y",5,0,1,0,1
"1894","http://sdfgd.modu.hair","Y",5,0,1,0,0
"1895","http://hrc.wtbj.hair","Y",5,0,1,0,0
"1896","http://jyvb.uskb.casa","Y",5,0,1,0,0
"1897","http://4fgz.ondue.press","Y",5,0,1,0,1
"1898","https://plush.link/yX","Y",5,0,1,0,0
"1899","nioy.m4cr.co","Y",2,0,0,0,1
"1900","http://4dvcn.wuny.casa","Y",5,0,1,0,1
"1901","https://nanourl.org/fQs","Y",5,0,1,0,0
"1902","http://uldrt.nkdt.hair","Y",5,0,1,0,0
"1903","http://4fgz.ondue.press","Y",5,0,1,0,1
"1904","http://htcx.dnvi.today","Y",5,0,1,0,0
"1905","http://hrc.wtbj.hair","Y",5,0,1,0,0
"1906","http://bfzsw.nksh.beauty","Y",5,0,1,0,0
"1907","am.gbr0.top","Y",2,0,0,0,1
"1908","http://7ydb.wunrx.quest","Y",5,0,1,0,1
"1909","http://htyrc.bit7.uno","Y",5,0,1,0,1
"1910","http://bvsx.nksh.beauty","Y",5,0,1,0,0
"1911","http://noicz.pdai.hair","Y",5,0,1,0,0
"1912","http://bfzsw.nksh.beauty","Y",5,0,1,0,0
"1913","http://mo382.sous.hair","Y",5,0,1,0,3
"1914","http://xw.cjseoarkp.cn/os6eo5","Y",6,0,1,0,2
"1915","https://bit.ly/3UWeKQN","Y",5,0,1,0,1
"1916","http://aeotj.wmeqw.com","Y",5,0,1,0,0
"1917","http://t2m.kr/FjKHS","Y",5,0,1,0,1
"1918","http://htcx.dnvi.today","Y",5,0,1,0,0
"1919","http://jcz3.fkopz.agency","Y",5,0,1,0,1
"1920","http://TRgf.ptks.hair","Y",5,0,1,0,0
"1921","http://brtz.erox.agency","Y",5,0,1,0,0
"1922","http://hjtccb.wuny.casa","Y",5,0,1,0,0
"1923","http://9hsc.wunrx.quest","Y",5,0,1,0,1
"1924","http://rvkoi.sxou.shop","Y",5,0,1,0,0
"1925","https://plush.link/Hx","Y",5,0,1,0,0
"1926","https://nanourl.org/j3g","Y",5,0,1,0,1
"1927","http://hfrdq.nmeo.press","Y",5,0,1,0,0
"1928","http://bfzsw.nksh.beaut","Y",5,0,1,0,0
"1929","http://bs.smhkmm.top","Y",5,0,1,0,0
"1930","http://bit.ly/3zFpjPS","Y",5,0,1,0,1
"1931","http://khg.dshopfsna.top/lwn7nd","Y",6,0,1,0,1
"1932","http://nhfcc.oshr.casa","Y",5,0,1,0,0
"1933","http://hrd3.nksh.beauty","Y",5,0,1,0,1
"1934","http://ncsz.erox.agency","Y",5,0,1,0,0
"1935","http://uye3.oiwx.hair","Y",5,0,1,0,1
"1936","http://kyrdw.poen.hair","Y",5,0,1,0,0
"1937","http://hrec.wunrx.quest","Y",5,0,1,0,0
"1938","http://hfw4.uenx.hair","Y",5,0,1,0,1
"1939","http://sloiz.uisn.hair","Y",5,0,1,0,0
"1940","https://nuestro.link/28","Y",5,0,1,0,2
"1941","https://nanourl.org/rML","Y",5,0,1,0,0
"1942","http://unetx.bit7.ink","Y",5,0,1,0,1
"1943","xon.do7u.cash","Y",2,0,0,0,1
"1944","http://ut482.sous.hair","Y",5,0,1,0,3
"1945","http://ncsz.erox.agency","Y",5,0,1,0,0
"1946","http://xdiop.zaio.ltd","Y",5,0,1,0,0
"1947","http://h32s.xnod.hair","Y",5,0,1,0,2
"1948","https://bit.ly/3OiXOjx","Y",5,0,1,0,1
"1949","http://hrd3.nksh.beauty","Y",5,0,1,0,1
"1950","https://nuestro.link/iy","Y",5,0,1,0,0
"1951","http://uldrt.nkdt.hair","Y",5,0,1,0,0
"1952","http://jyes2.xuwo.casa","Y",5,0,1,0,1
"1953","http://on11.ghh0.eu","Y",5,0,1,0,3
"1954","http://3dgs.puth.agency","Y",5,0,1,0,1
"1955","http://hfve.wuny.casa","Y",5,0,1,0,0
"1956","http://t5sghs.ztis.casa","Y",5,0,1,0,1
"1957","http://bit.ly/3aITj3E","Y",5,0,1,0,2
"1958","nuestro.link/28","Y",2,0,0,0,2
"1959","nanourl.org/fQs","Y",2,0,0,0,0
"1960","ghffdg.nksh.beauty","Y",2,0,0,0,0
"1961","https://nanourl.org/QS5","Y",5,0,1,0,1
"1962","http://ytrd3.oshc.beauty","Y",5,0,1,0,1
"1963","http://hjdc.nus7.miami","Y",5,0,1,0,1
"1964","https://nanourl.org/j3g","Y",5,0,1,0,1
"1965","http://4fgz.ondue.press","Y",5,0,1,0,1
"1966","http://jhrx5.oiwx.hair","Y",5,0,1,0,1
"1967","http://hjtccb.wuny.casa","Y",5,0,1,0,0
"1968","http://uye3.oiwx.hair","Y",5,0,1,0,1
"1969","http://jhfcv.nsio.hair","Y",5,0,1,0,0
"1970","https://plush.link/gtsv","Y",5,0,1,0,0
"1971","http://htyrc.bit7.uno","Y",5,0,1,0,1
"1972","http://hfcx.usnv.hair","Y",5,0,1,0,0
"1973","http://y23.v2te.black","Y",5,0,1,0,3
"1974","http://hrc.wtbj.hair","Y",5,0,1,0,0
"1975","http://yfgd3.ponm3.hair","Y",5,0,1,0,2
"1976","http://jhrx5.oiwx.hair","Y",5,0,1,0,1
"1977","http://bit.ly/3Pjutql","Y",5,0,1,0,1
"1978","http://han.gl/GHMzb","Y",5,0,1,0,0
"1979","http://7ydb.wunrx.quest","Y",5,0,1,0,1
"1980","http://m14.j0xt.black","Y",5,0,1,0,3
"1981","http://fdssg3.svyw.hair","Y",5,0,1,0,1
"1982","https://nanourl.org/GfJ","Y",5,0,1,0,0
"1983","http://tuc.bit7.ink","Y",5,0,1,0,1
"1984","http://hrc.wtbj.hair","Y",5,0,1,0,0
"1985","http://kut31.xvys.hair","Y",5,0,1,0,2
"1986","http://tovme.hgyam.com","Y",5,0,1,0,0
